id,w,v
2,67,74
3,13,75
4,50,78
5,23,50
6,38,35
8,1,19
9,38,97
11,39,82
12,23,91
13,31,64
15,55,49
16,43,82
17,81,72
18,48,71
19,69,71
20,81,88
21,6,75
22,98,87
23,51,71
25,13,69
27,60,74
30,66,89
32,50,65
33,80,78
35,32,97
36,56,86
37,25,94
38,21,69
40,33,83
41,6,74
42,47,48
43,39,76
46,30,51
49,13,44
54,89,72
55,63,94
56,75,91
57,29,84
58,24,74
59,24,27
61,45,91
62,35,45
63,4,70
65,3,28
66,43,94
67,1,98
70,29,52
71,46,38
72,1,69
74,95,96
75,37,49
76,9,56
77,5,84
78,32,41
79,72,58
80,41,36
81,67,52
82,40,85
83,84,85
85,64,92
86,53,90
87,53,85
89,67,51
90,20,25
91,7,52
94,25,34
95,93,94
96,17,53
100,64,89
101,9,47
102,53,65
104,6,44
106,44,66
107,37,33
108,45,89
109,34,35
110,29,85
112,57,84
113,24,43
114,52,60
115,40,37
117,18,40
119,2,58
120,11,69
121,39,96
122,89,86
123,5,8
124,61,95
127,28,90
131,3,98
134,68,70
135,43,69
136,26,24
137,38,34
139,59,45
140,64,78
141,20,89
143,51,85
144,17,12
145,19,85
147,67,93
148,71,89
149,70,71
150,81,97
151,40,51
152,62,70
154,25,99
155,28,99
156,31,54
157,35,56
160,60,94
161,43,77
165,13,49
167,11,61
168,63,77
169,3,89
171,8,47
172,32,49
175,25,27
176,48,66
177,0,62
178,49,77
179,65,99
183,13,79
184,5,96
185,22,93
186,78,62
187,38,86
188,41,73
190,19,37
191,61,98
193,7,88
194,5,87
195,41,67
196,89,79
197,11,96
205,93,95
208,61,77
209,4,6
210,54,68
211,12,17
213,9,59
214,13,53
215,21,78
218,11,18
221,21,29
224,68,60
226,26,88
228,28,39
229,87,80
231,77,80
236,13,47
239,53,49
240,85,89
242,28,40
243,46,90
244,82,77
246,54,53
247,74,65
249,79,75
251,52,84
252,49,76
254,85,75
256,31,64
259,45,97
260,51,39
261,65,78
262,51,57
264,3,93
265,62,80
266,0,93
269,42,86
270,90,94
274,37,61
275,46,83
277,33,39
278,15,71
279,38,75
281,98,73
282,62,77
284,40,40
286,0,31
287,9,91
288,98,86
289,42,56
290,41,91
291,38,69
293,17,23
295,85,79
296,21,75
298,54,98
299,37,47
301,20,40
302,21,82
304,23,57
308,66,56
309,45,98
310,13,77
312,19,76
313,12,42
314,24,89
315,8,96
317,66,91
318,39,33
319,94,82
320,21,94
321,83,96
325,0,64
328,99,83
329,37,94
331,13,46
333,52,42
337,48,73
338,57,59
340,88,96
341,26,61
342,14,29
343,36,48
344,28,92
345,48,94
346,90,74
350,95,80
351,93,88
353,75,71
354,5,6
356,28,80
357,21,64
360,1,48
364,13,34
366,53,64
367,39,60
368,17,74
369,43,38
370,19,52
371,23,91
373,42,50
374,36,98
375,15,31
376,52,70
377,54,58
378,41,64
380,42,38
381,59,69
383,14,73
384,31,72
385,56,57
386,16,77
390,33,29
392,76,90
393,58,93
394,1,56
396,18,98
397,7,15
398,77,95
399,57,53
400,91,77
401,44,86
402,26,58
408,69,85
409,27,81
411,46,57
413,18,59
416,7,35
417,88,79
419,28,38
421,17,82
423,23,45
424,23,41
425,25,65
427,74,71
428,76,63
429,18,90
431,49,98
432,25,76
434,29,26
435,39,49
439,14,60
440,66,61
441,10,91
442,74,85
445,53,68
446,39,61
447,15,17
449,11,80
451,77,90
453,57,80
455,15,63
457,23,41
458,23,42
460,34,37
463,16,17
464,31,69
465,12,16
466,60,54
467,41,69
469,28,95
470,35,81
472,51,42
473,35,68
474,33,90
477,37,48
478,88,73
479,30,88
480,68,65
482,0,24
483,39,45
484,11,10
486,24,91
487,41,96
488,41,60
489,35,92
490,94,78
491,70,74
492,57,77
493,2,50
494,18,91
495,9,80
496,1,67
497,64,81
498,7,92
499,53,68
500,55,65
501,29,54
504,49,52
505,46,73
507,12,84
508,50,43
511,8,59
512,72,92
513,14,27
514,24,64
516,13,64
519,42,52
523,84,89
527,28,78
528,16,35
529,22,98
532,70,80
533,72,72
534,49,66
538,12,34
541,16,14
542,14,41
544,37,72
546,59,50
548,7,92
549,61,53
551,5,23
552,13,71
553,10,52
554,57,43
555,63,82
556,26,95
557,44,36
558,13,61
559,58,47
560,3,52
562,6,16
564,38,92
565,22,37
566,0,91
567,89,81
570,8,80
571,59,92
572,20,75
573,83,88
574,67,85
575,3,69
576,14,41
577,3,68
579,65,67
580,77,85
582,2,73
583,70,54
584,13,29
585,65,84
588,17,71
590,62,83
591,1,43
594,10,81
595,65,81
596,35,86
597,93,89
600,30,99
602,56,63
603,2,25
604,25,87
606,69,86
607,56,53
608,39,56
612,23,23
614,46,61
617,18,76
618,57,57
620,57,71
622,36,83
625,53,97
626,71,56
627,46,49
628,19,33
632,45,83
633,97,84
634,5,11
638,31,29
640,33,88
642,20,71
643,82,72
644,98,98
645,42,91
646,74,67
648,2,48
649,78,80
650,6,52
651,44,75
653,53,60
654,2,4
656,17,73
657,4,79
659,85,72
661,8,28
662,8,44
664,40,40
667,35,64
668,13,42
669,2,46
672,31,57
673,42,41
674,37,45
676,1,23
677,25,99
678,14,70
679,11,9
680,71,61
681,96,98
683,84,74
686,16,38
687,70,64
691,46,95
693,98,78
694,28,29
695,63,85
697,17,76
698,6,35
699,33,70
700,23,66
703,4,65
705,2,24
707,17,73
708,16,25
709,51,75
711,69,69
712,48,72
713,75,88
714,76,70
716,56,44
717,45,90
718,15,62
719,11,22
720,77,86
723,46,45
724,6,89
725,35,39
728,46,93
731,49,92
732,89,91
733,76,75
734,50,79
735,82,78
739,57,54
740,43,48
741,90,86
742,7,12
743,5,16
744,1,12
745,74,85
749,67,90
751,86,98
752,42,66
753,23,76
754,86,72
755,83,66
757,50,68
759,4,75
760,21,57
763,79,89
764,0,33
765,45,56
766,9,75
767,30,98
768,25,87
771,28,31
772,35,53
775,60,62
777,94,77
780,45,77
781,26,33
783,31,50
784,6,19
785,38,59
786,52,45
787,7,86
789,59,72
790,35,38
792,5,63
793,36,76
794,34,39
796,26,88
797,20,81
798,40,87
799,76,74
800,68,54
801,9,36
802,78,81
803,5,23
804,58,83
805,57,82
806,21,62
808,41,40
811,17,46
813,24,96
815,98,81
816,31,26
817,13,74
818,34,72
819,17,18
820,39,68
822,84,76
823,50,66
824,53,70
826,12,15
827,10,16
828,89,73
829,29,81
832,11,81
833,26,44
834,40,86
835,44,34
837,48,47
838,35,83
839,24,68
842,30,63
843,17,85
844,31,54
846,15,72
849,45,55
850,0,20
851,62,56
852,57,79
856,73,54
857,54,82
859,19,79
861,16,44
862,79,84
863,52,59
864,58,57
865,62,87
867,54,85
868,83,82
871,61,64
873,13,13
874,12,83
878,79,78
881,20,20
882,2,4
883,9,11
884,68,96
885,8,71
886,95,97
888,22,72
891,54,77
892,32,42
893,41,39
894,63,89
896,30,87
898,96,88
900,3,55
901,72,98
903,5,95
904,0,98
906,43,64
908,22,32
909,60,90
911,22,90
912,95,70
914,77,59
918,6,75
919,37,32
920,6,35
921,13,84
922,79,69
923,96,86
924,4,39
925,17,49
927,16,73
928,62,58
929,40,59
930,27,85
933,69,65
935,43,53
937,10,55
938,10,42
939,7,57
940,0,73
941,70,70
944,73,81
945,44,79
946,75,98
947,17,69
951,28,54
952,83,67
953,8,50
954,6,46
955,72,94
956,0,92
957,35,78
958,3,85
959,29,72
960,6,43
961,50,56
962,34,59
965,92,83
966,35,77
967,79,83
968,6,6
969,19,86
973,16,36
974,12,79
977,45,58
980,68,54
981,30,60
982,86,96
983,50,71
984,61,76
985,13,15
987,26,46
988,24,67
989,8,78
990,0,29
991,13,23
993,47,88
994,77,70
995,59,51
996,23,87
997,50,84
999,5,76
1000,5,12
1001,16,25
1002,96,90
1003,31,48
1004,21,59
1008,38,84
1010,98,81
1011,2,83
1012,44,84
1014,5,98
1016,94,90
1018,8,71
1019,22,61
1022,37,67
1024,59,51
1025,37,96
1026,1,26
1027,48,74
1032,16,35
1033,2,92
1035,56,63
1036,39,68
1037,33,27
1039,1,39
1041,75,97
1042,9,40
1043,24,46
1048,92,82
1051,69,83
1053,39,80
1055,20,87
1056,91,67
1057,14,38
1058,64,84
1059,35,72
1061,73,76
1066,83,87
1067,0,73
1068,42,46
1069,61,56
1070,35,34
1071,83,96
1072,7,45
1075,24,43
1076,35,84
1079,11,79
1080,42,79
1081,37,43
1082,0,93
1085,70,70
1086,64,81
1087,78,76
1091,44,45
1092,0,70
1093,1,46
1096,20,57
1098,91,91
1101,31,79
1102,16,41
1104,43,55
1106,25,74
1107,87,72
1109,7,22
1111,21,49
1113,79,61
1115,16,89
1116,20,63
1117,63,71
1121,47,77
1122,0,88
1123,84,81
1124,74,93
1126,31,94
1127,49,80
1128,93,72
1130,55,97
1131,38,54
1132,5,54
1134,14,81
1136,34,30
1138,18,65
1139,43,76
1140,4,92
1141,17,82
1142,23,78
1143,62,66
1144,51,73
1146,28,44
1148,9,37
1149,47,88
1151,66,68
1152,23,39
1153,3,6
1156,53,60
1159,31,61
1160,5,8
1164,40,48
1165,26,40
1166,68,98
1167,80,59
1168,26,66
1171,42,84
1172,29,88
1175,64,67
1176,5,70
1178,65,66
1179,29,88
1180,7,71
1182,81,68
1184,1,8
1185,13,69
1186,1,44
1187,34,40
1189,49,46
1190,55,59
1191,83,77
1192,90,98
1193,4,35
1194,56,48
1195,41,52
1197,39,82
1201,91,86
1204,22,98
1208,40,40
1209,19,12
1210,74,85
1212,1,83
1213,45,87
1214,80,85
1215,23,40
1216,47,94
1217,86,76
1218,14,96
1219,8,18
1220,15,91
1222,0,23
1223,45,73
1227,76,70
1228,4,95
1229,70,94
1230,73,55
1232,2,59
1233,38,91
1235,19,36
1236,23,72
1237,12,24
1238,16,15
1240,31,91
1243,35,72
1245,63,89
1246,70,55
1247,61,93
1249,12,82
1251,9,72
1252,82,94
1253,38,89
1254,48,53
1255,5,40
1256,21,24
1258,3,36
1259,33,92
1260,41,80
1261,23,22
1262,16,32
1263,3,63
1264,58,91
1268,60,84
1269,59,81
1270,97,99
1272,3,84
1273,39,46
1276,46,46
1278,65,99
1279,57,69
1280,4,83
1282,5,4
1283,27,36
1284,26,18
1287,36,86
1288,14,77
1290,0,23
1292,5,31
1297,32,46
1299,9,22
1301,37,77
1302,22,49
1307,58,97
1308,56,77
1311,3,49
1312,39,45
1314,51,59
1315,5,32
1317,41,69
1318,11,19
1320,40,88
1321,37,54
1324,26,39
1327,15,22
1328,32,75
1331,79,81
1333,8,68
1334,7,67
1335,4,88
1338,8,16
1339,17,13
1340,15,46
1341,39,55
1346,61,52
1347,64,64
1352,14,71
1355,18,91
1356,51,77
1357,49,45
1358,30,54
1359,1,49
1361,54,77
1362,55,44
1363,71,64
1364,58,75
1365,22,62
1368,7,9
1369,52,73
1370,78,65
1373,19,58
1374,11,28
1377,85,67
1379,13,50
1380,62,87
1381,44,38
1383,21,84
1386,18,98
1388,9,99
1391,81,66
1393,25,58
1394,81,69
1395,50,78
1396,61,88
1397,10,48
1403,85,85
1406,43,77
1407,28,59
1409,79,70
1410,29,70
1411,77,60
1412,78,77
1416,19,42
1417,38,71
1418,17,71
1420,46,83
1421,52,42
1422,9,51
1424,8,95
1426,40,87
1427,99,87
1428,43,66
1429,20,97
1431,95,86
1432,0,45
1434,7,95
1438,23,38
1440,16,37
1441,63,71
1449,10,72
1450,15,33
1451,51,96
1455,75,72
1456,14,34
1457,85,82
1458,50,82
1459,18,36
1463,6,28
1465,14,29
1466,78,83
1470,64,65
1473,9,16
1474,27,85
1476,0,16
1477,56,97
1478,0,74
1481,16,76
1483,20,20
1485,44,96
1486,98,96
1487,10,19
1488,12,15
1492,69,78
1493,83,65
1494,6,87
1495,68,81
1497,51,99
1498,1,9
1500,2,32
1501,42,76
1505,46,61
1507,10,81
1511,73,76
1512,48,48
1513,12,19
1514,14,17
1516,21,42
1519,43,78
1520,66,50
1521,10,82
1522,17,49
1523,7,79
1526,61,49
1527,23,94
1529,14,95
1530,88,68
1531,68,81
1532,7,4
1537,81,80
1539,71,83
1540,27,63
1544,68,95
1545,66,89
1546,41,99
1548,43,99
1551,42,68
1552,21,69
1554,92,68
1556,77,63
1557,28,81
1559,73,70
1561,0,31
1562,72,73
1563,3,12
1565,26,46
1566,86,65
1567,27,90
1569,38,67
1570,5,39
1572,45,79
1573,28,62
1575,85,71
1576,44,36
1577,3,22
1578,93,82
1581,33,67
1582,29,40
1583,60,61
1584,4,50
1588,80,71
1589,21,62
1592,99,89
1594,0,83
1595,4,53
1597,37,36
1598,24,33
1599,29,91
1602,57,54
1603,72,94
1604,63,76
1605,5,65
1607,50,66
1608,24,53
1609,58,75
1610,5,22
1612,89,80
1614,91,79
1616,91,92
1617,27,75
1618,20,62
1619,48,96
1620,37,77
1621,41,95
1623,91,91
1626,36,78
1627,51,82
1628,58,80
1629,14,69
1630,66,74
1631,94,79
1633,7,58
1634,81,94
1635,43,91
1636,13,66
1637,44,75
1638,76,95
1639,77,76
1640,72,80
1641,19,83
1642,1,88
1643,6,77
1645,20,18
1646,32,43
1647,1,61
1650,60,85
1652,37,48
1655,4,88
1657,70,82
1658,60,86
1659,4,85
1665,18,94
1666,54,99
1668,48,42
1669,33,72
1671,7,13
1672,73,68
1674,54,67
1677,71,96
1679,13,96
1680,10,55
1681,15,55
1682,13,97
1683,8,59
1684,90,72
1685,39,89
1686,35,70
1687,30,85
1689,40,99
1690,5,87
1691,44,41
1693,59,61
1694,62,60
1695,38,57
1697,20,98
1698,34,62
1699,49,50
1701,48,89
1702,89,84
1703,27,33
1707,41,83
1708,8,45
1712,14,53
1719,19,33
1721,29,67
1722,18,42
1723,29,35
1726,56,93
1727,18,23
1728,26,57
1729,89,77
1730,67,90
1731,15,36
1732,22,44
1733,78,73
1735,9,81
1736,7,12
1737,36,66
1738,3,64
1740,5,62
1741,3,74
1742,87,65
1743,5,24
1744,34,96
1745,7,9
1746,19,33
1747,32,92
1748,40,36
1749,74,81
1750,19,78
1751,35,96
1753,0,66
1756,77,88
1757,14,71
1758,39,71
1759,0,32
1761,47,55
1763,60,45
1764,45,76
1765,62,88
1766,18,29
1773,36,46
1774,18,94
1775,3,12
1776,99,96
1778,24,41
1780,5,64
1783,56,63
1784,89,86
1786,52,79
1787,72,62
1789,30,88
1790,86,78
1791,92,80
1792,67,82
1795,43,82
1796,89,72
1797,56,82
1798,39,52
1800,14,21
1801,90,71
1806,13,64
1807,13,40
1808,19,50
1809,5,72
1812,27,21
1813,66,86
1815,80,65
1816,0,79
1819,68,90
1823,22,48
1825,55,93
1826,28,58
1827,4,66
1828,53,42
1829,68,88
1831,5,99
1832,52,88
1833,65,67
1834,8,40
1836,14,22
1837,70,87
1838,28,67
1839,16,11
1841,75,74
1842,15,65
1843,64,93
1845,26,53
1846,15,54
1847,22,54
1848,0,22
1852,1,10
1854,8,73
1858,1,23
1864,82,67
1866,58,58
1868,24,79
1870,0,16
1872,21,88
1874,21,96
1877,64,87
1879,10,30
1880,28,23
1881,43,68
1883,88,96
1889,80,80
1898,72,98
1900,45,98
1901,44,58
1904,43,49
1905,26,21
1907,16,94
1912,9,72
1914,8,45
1916,64,56
1917,51,62
1922,50,89
1923,13,81
1925,23,60
1926,45,87
1928,35,86
1929,78,93
1931,33,69
1935,88,96
1938,14,79
1939,69,95
1941,54,66
1942,0,13
1943,1,68
1944,14,47
1945,61,67
1947,57,55
1948,80,80
1949,7,32
1950,28,34
1951,58,59
1952,71,73
1958,7,60
1959,63,65
1961,26,85
1963,7,18
1964,56,91
1965,44,73
1966,72,73
1967,48,65
1970,21,47
1972,55,45
1973,18,74
1974,87,65
1976,35,39
1977,28,61
1978,26,29
1979,5,71
1981,45,85
1983,19,38
1984,31,37
1985,56,57
1987,7,51
1988,43,77
1989,48,60
1990,42,54
1991,75,67
1993,12,77
1995,80,78
1996,59,97
1997,45,64
1998,40,62
2000,1,1
2002,76,79
2003,21,23
2004,35,46
2005,21,73
2006,93,89
2009,13,18
2011,39,59
2013,9,73
2014,69,93
2015,91,70
2017,17,65
2018,75,59
2019,94,98
2021,66,49
2022,40,86
2023,81,96
2026,79,97
2028,57,56
2030,1,61
2031,20,35
2032,55,95
2035,5,22
2036,34,44
2038,36,60
2039,29,68
2040,33,95
2043,51,78
2045,27,65
2047,17,48
2049,12,80
2050,14,95
2051,11,65
2052,10,77
2054,11,51
2055,54,96
2058,7,14
2059,85,84
2060,0,77
2061,26,27
2065,21,17
2066,19,92
2067,7,45
2069,17,26
2070,15,63
2071,75,60
2072,75,59
2073,34,90
2077,44,80
2078,11,37
2079,58,85
2080,1,25
2081,33,27
2082,50,49
2084,0,29
2085,28,45
2086,11,28
2087,17,91
2089,91,83
2090,51,94
2092,50,47
2093,62,71
2094,95,78
2095,53,42
2097,14,97
2100,42,87
2102,46,39
2103,79,79
2106,40,80
2107,14,49
2109,19,86
2111,56,46
2112,30,79
2114,26,60
2115,15,16
2116,66,70
2117,69,64
2118,14,52
2119,6,94
2120,24,50
2122,19,86
2124,54,43
2128,48,93
2130,27,47
2131,18,83
2133,26,71
2135,9,61
2138,12,23
2139,37,66
2140,8,5
2143,69,78
2145,38,70
2147,3,56
2148,44,76
2151,77,60
2152,32,72
2154,31,95
2155,51,83
2156,9,51
2157,49,54
2158,23,69
2160,47,96
2162,31,85
2164,18,99
2165,24,43
2166,14,52
2167,42,90
2168,42,49
2169,52,93
2170,0,3
2172,1,74
2173,4,95
2174,0,60
2175,76,78
2176,24,25
2177,22,30
2178,18,38
2180,83,75
2181,37,99
2182,18,38
2184,5,97
2185,98,79
2186,27,42
2187,33,47
2190,1,98
2191,46,65
2192,3,9
2193,72,70
2194,44,70
2195,13,31
2196,15,68
2197,33,94
2199,76,99
2200,32,42
2201,23,26
2203,10,85
2204,27,52
2205,86,87
2206,22,92
2207,1,24
2209,0,58
2210,39,69
2211,97,83
2212,86,80
2213,92,96
2216,37,90
2217,4,26
2218,32,62
2219,86,65
2221,68,77
2222,11,12
2223,45,39
2224,43,42
2226,17,83
2228,36,65
2229,83,80
2231,93,75
2232,95,88
2233,47,42
2234,2,75
2235,32,84
2236,37,56
2237,2,10
2239,89,82
2240,56,61
2242,40,57
2244,1,50
2245,66,92
2246,50,53
2247,29,61
2249,48,40
2251,97,87
2252,25,44
2253,39,30
2254,58,55
2259,54,79
2260,21,75
2262,59,53
2264,3,99
2269,28,52
2270,19,59
2271,31,63
2273,87,91
2274,81,90
2277,30,51
2279,53,80
2280,0,32
2282,2,58
2283,2,13
2284,13,10
2285,5,62
2287,56,77
2288,99,81
2289,30,47
2290,35,78
2291,4,8
2295,10,9
2296,46,64
2297,0,92
2298,60,57
2299,6,62
2300,18,79
2302,2,14
2303,71,99
2304,13,21
2305,63,64
2306,39,44
2307,6,99
2308,92,78
2309,8,21
2310,44,77
2311,88,78
2313,23,69
2314,64,90
2315,89,89
2316,86,89
2317,16,33
2318,55,50
2322,0,75
2323,0,85
2324,44,68
2325,48,66
2327,22,19
2328,98,94
2329,3,34
2331,99,74
2333,44,47
2334,41,59
2335,1,71
2336,16,91
2337,2,69
2338,40,44
2339,35,87
2340,20,75
2341,40,34
2342,1,5
2343,20,47
2344,43,72
2349,10,87
2351,69,52
2352,9,81
2353,16,92
2354,66,97
2357,12,57
2358,6,33
2359,36,32
2361,45,43
2363,37,38
2364,16,31
2365,37,54
2366,80,77
2367,98,74
2369,76,81
2370,62,65
2371,19,75
2375,92,96
2376,13,32
2379,3,44
2380,48,66
2382,58,94
2383,31,51
2386,0,45
2387,42,39
2390,28,73
2392,38,29
2394,30,56
2395,35,60
2397,16,22
2399,20,88
2400,30,35
2401,79,92
2402,64,95
2403,64,81
2405,8,31
2407,21,52
2409,13,41
2410,10,81
2413,1,6
2414,58,43
2418,23,70
2419,5,57
2420,23,55
2423,15,19
2426,68,66
2427,86,66
2428,38,32
2430,96,88
2431,13,77
2434,91,79
2435,64,75
2436,17,80
2437,7,27
2439,17,55
2440,14,99
2441,19,26
2442,64,54
2444,19,64
2446,98,98
2450,1,68
2451,78,66
2453,8,6
2454,0,80
2455,55,46
2457,56,78
2458,3,53
2459,67,63
2460,18,61
2463,1,22
2464,26,96
2466,2,72
2469,84,89
2472,57,90
2473,26,90
2474,7,64
2475,8,93
2477,65,97
2478,2,51
2480,3,81
2481,88,90
2482,20,23
2483,25,47
2486,34,76
2487,54,80
2488,32,73
2490,13,82
2492,22,34
2493,3,15
2494,12,61
2496,2,92
2498,4,82
2499,71,60
2500,26,27
2501,32,35
2502,27,55
2503,39,31
2504,0,71
2506,10,31
2507,69,73
2510,39,76
2512,29,50
2513,21,61
2515,31,59
2516,0,25
2518,48,68
2520,17,38
2522,65,96
2524,22,85
2525,40,39
2526,57,69
2527,18,13
2531,9,72
2533,21,60
2534,66,67
2536,8,9
2537,20,57
2538,29,92
2539,84,80
2545,41,42
2546,6,22
2549,8,21
2551,99,86
2552,59,61
2553,83,62
2554,4,91
2555,37,50
2556,7,61
2557,66,67
2558,26,74
2559,84,71
2560,22,92
2561,63,60
2562,19,70
2564,1,43
2566,37,67
2567,2,96
2569,31,83
2570,5,98
2571,41,63
2573,83,75
2575,60,90
2582,6,50
2583,89,78
2584,33,85
2585,60,54
2587,96,81
2588,16,27
2589,27,81
2594,99,79
2595,13,52
2596,11,14
2597,4,24
2598,0,73
2599,52,99
2600,27,72
2602,92,89
2603,9,88
2605,47,35
2606,2,80
2609,19,28
2610,94,93
2611,1,82
2612,51,99
2615,25,81
2618,55,85
2619,61,54
2620,1,29
2622,37,41
2623,59,77
2625,3,17
2626,47,70
2628,9,15
2630,27,49
2631,50,58
2632,19,82
2633,50,77
2636,6,53
2638,75,67
2640,12,58
2641,29,47
2644,99,80
2646,1,36
2648,85,88
2649,2,47
2650,12,60
2651,12,79
2652,34,37
2655,4,69
2657,5,14
2659,26,78
2660,64,89
2661,51,65
2662,79,73
2663,17,32
2666,9,87
2668,65,98
2669,1,13
2671,99,83
2672,8,33
2674,30,98
2678,69,63
2679,43,36
2680,27,67
2682,80,97
2684,39,62
2686,40,72
2688,67,60
2689,45,83
2690,35,80
2691,24,58
2692,58,97
2693,32,74
2696,64,93
2697,39,69
2699,29,85
2703,15,34
2704,71,58
2705,41,92
2707,27,34
2708,72,75
2710,33,39
2711,2,9
2712,62,84
2713,29,89
2715,97,90
2718,30,96
2719,24,83
2720,17,61
2721,15,82
2722,80,63
2724,61,50
2725,80,67
2726,3,74
2727,62,73
2729,28,47
2733,1,97
2736,95,79
2737,26,33
2738,63,67
2739,12,21
2741,5,69
2744,13,94
2745,41,70
2751,36,81
2752,3,68
2753,91,89
2754,33,59
2755,42,55
2756,88,76
2757,13,90
2758,8,30
2759,37,77
2760,18,25
2761,28,57
2763,65,66
2765,16,62
2766,16,93
2767,2,26
2768,27,94
2769,82,70
2770,32,46
2771,15,31
2772,34,95
2775,22,64
2776,20,41
2777,8,45
2779,78,74
2780,9,49
2782,15,55
2783,22,86
2786,54,92
2787,59,92
2788,7,51
2790,0,91
2792,59,97
2794,60,62
2796,69,72
2797,29,37
2798,7,78
2802,42,94
2804,8,7
2805,33,79
2806,15,88
2807,28,67
2808,8,86
2809,10,11
2811,45,75
2812,12,32
2813,8,56
2814,50,74
2815,58,94
2817,43,37
2818,19,71
2819,54,89
2820,3,71
2821,19,40
2826,62,74
2828,70,91
2829,25,84
2830,86,84
2832,69,68
2836,25,96
2839,76,69
2841,41,81
2842,1,32
2844,43,91
2845,58,48
2847,72,86
2849,86,77
2851,31,65
2857,73,77
2858,23,31
2859,19,56
2860,63,87
2861,39,47
2863,6,41
2864,85,71
2865,22,35
2866,45,41
2867,7,92
2868,15,30
2869,1,18
2870,17,40
2871,14,90
2872,67,79
2874,7,4
2875,20,98
2876,58,76
2877,23,80
2879,5,25
2880,46,53
2881,35,57
2882,11,12
2883,18,88
2885,70,74
2886,12,63
2887,80,80
2888,41,64
2889,86,92
2892,92,69
2895,48,52
2896,19,19
2900,17,98
2903,6,30
2904,4,95
2907,69,53
2909,79,71
2910,24,32
2911,51,91
2912,21,70
2913,15,68
2914,5,38
2916,3,88
2917,39,90
2918,10,85
2921,13,62
2922,96,81
2923,49,37
2924,89,91
2927,76,98
2929,17,17
2932,60,99
2933,27,70
2936,80,77
2938,36,95
2939,24,39
2940,72,65
2943,20,48
2946,52,73
2948,12,94
2949,50,73
2950,68,65
2951,97,83
2952,22,79
2953,59,71
2955,26,46
2956,35,63
2960,34,82
2961,98,93
2962,0,52
2964,51,53
2965,13,51
2966,67,59
2967,21,20
2969,42,93
2970,70,55
2972,32,49
2973,20,52
2975,4,9
2976,48,75
2977,20,32
2978,10,10
2979,22,61
2980,32,33
2981,44,92
2982,14,86
2983,70,57
2985,10,92
2987,20,19
2988,57,72
2989,9,13
2990,37,93
2992,20,74
2993,49,64
2994,15,80
2995,31,91
2996,13,64
2997,62,83
2999,56,90
3001,17,15
3002,9,11
3003,18,20
3004,28,87
3006,65,77
3008,24,87
3009,47,85
3010,25,88
3011,50,42
3012,18,96
3013,43,90
3014,56,76
3015,91,99
3016,36,95
3018,72,63
3020,3,26
3021,66,59
3024,2,63
3025,38,63
3026,2,88
3027,12,58
3030,40,59
3031,65,83
3033,14,32
3034,16,77
3035,96,80
3036,32,74
3039,5,48
3041,3,69
3042,20,31
3043,25,69
3045,89,67
3048,23,33
3049,32,34
3051,92,95
3054,62,77
3055,26,97
3056,72,93
3058,77,94
3059,4,54
3062,7,29
3063,65,84
3064,56,71
3065,13,41
3066,8,49
3067,60,67
3069,53,84
3070,6,46
3073,2,25
3076,64,96
3077,69,71
3078,6,4
3080,35,84
3081,95,81
3082,3,81
3083,26,45
3084,4,15
3085,12,30
3086,51,81
3087,5,51
3088,79,97
3089,16,98
3093,85,63
3094,66,81
3095,83,92
3097,78,85
3098,11,69
3099,22,89
3100,66,75
3101,74,83
3104,78,72
3106,52,98
3107,25,58
3111,60,95
3113,15,22
3114,82,68
3116,35,45
3117,55,91
3119,26,88
3121,88,82
3122,21,78
3124,8,70
3125,66,61
3127,35,27
3128,32,40
3130,11,67
3131,11,70
3132,23,70
3134,89,97
3136,15,97
3140,92,81
3141,12,33
3142,17,65
3143,50,94
3146,42,49
3148,42,80
3150,18,17
3152,53,87
3156,44,84
3157,86,73
3159,17,89
3161,4,14
3162,3,90
3163,38,51
3165,22,66
3166,67,70
3167,31,52
3168,92,72
3170,48,37
3171,50,55
3173,3,71
3174,4,14
3175,61,56
3176,23,77
3177,27,87
3178,71,94
3179,44,52
3180,89,76
3181,10,33
3182,19,16
3183,24,84
3184,28,50
3186,25,90
3187,1,94
3189,40,57
3191,9,62
3193,8,76
3194,36,30
3195,31,87
3196,37,75
3198,44,40
3199,22,20
3200,26,99
3201,56,83
3203,15,95
3204,41,39
3205,56,61
3206,84,68
3207,67,57
3211,54,92
3214,89,89
3216,48,39
3217,22,54
3219,80,70
3225,95,89
3227,3,22
3228,23,98
3231,39,66
3233,2,6
3234,25,45
3235,23,50
3237,44,65
3239,22,89
3240,37,86
3241,37,28
3244,41,33
3245,90,77
3246,48,64
3247,27,93
3248,76,96
3249,19,51
3250,6,96
3251,13,88
3254,1,20
3255,97,95
3256,3,76
3259,81,77
3260,17,25
3262,37,57
3263,59,88
3267,62,56
3270,41,59
3271,1,97
3272,18,49
3273,40,86
3274,41,74
3276,89,89
3279,19,43
3280,20,55
3281,55,76
3282,23,30
3283,85,78
3286,73,99
3287,4,42
3289,83,72
3291,77,94
3292,91,90
3295,5,33
3296,60,62
3298,31,51
3299,6,34
3300,6,77
3305,79,79
3306,34,49
3308,29,35
3309,10,37
3311,14,23
3312,76,60
3316,65,71
3317,50,44
3318,2,51
3319,10,37
3321,60,51
3322,0,71
3323,51,63
3325,34,49
3326,62,90
3329,42,57
3330,88,69
3331,81,87
3335,28,86
3337,19,63
3338,59,57
3339,58,86
3340,42,42
3342,72,66
3344,57,73
3347,87,72
3348,38,68
3349,67,76
3350,87,96
3352,21,34
3353,71,65
3354,29,86
3355,52,91
3356,17,44
3357,5,50
3358,46,95
3360,61,93
3362,78,81
3363,94,98
3364,54,87
3366,32,67
3367,36,71
3370,5,34
3371,24,46
3373,92,99
3376,54,76
3378,52,66
3379,65,79
3382,13,75
3383,56,60
3385,61,78
3386,67,74
3389,58,90
3391,56,84
3392,56,69
3393,14,49
3394,12,62
3395,34,42
3396,62,46
3397,18,89
3398,73,88
3399,24,68
3400,33,64
3401,82,65
3402,11,68
3403,0,69
3404,88,87
3407,65,85
3408,47,96
3409,51,71
3410,94,97
3413,37,89
3414,42,74
3415,40,72
3417,61,66
3418,45,46
3420,3,78
3422,13,36
3423,74,86
3425,22,77
3427,43,68
3428,42,74
3429,47,45
3430,31,94
3431,9,68
3432,59,69
3433,30,43
3434,65,96
3436,65,54
3437,18,77
3438,27,23
3439,77,75
3440,65,81
3441,6,51
3442,12,86
3444,45,71
3445,37,99
3446,28,35
3447,78,71
3448,6,27
3452,34,89
3454,5,92
3455,35,27
3457,40,43
3458,33,72
3459,79,82
3460,47,95
3461,54,68
3462,45,50
3466,8,5
3467,14,21
3470,43,38
3471,95,71
3473,19,75
3474,43,65
3475,85,69
3477,3,68
3479,67,90
3480,50,45
3481,20,76
3482,62,48
3483,80,60
3484,58,46
3486,57,90
3487,99,88
3488,39,42
3489,60,73
3490,23,69
3492,76,90
3496,36,38
3499,77,98
3500,61,79
3501,42,89
3502,11,66
3503,71,80
3505,38,95
3509,3,88
3510,49,81
3511,54,80
3512,43,37
3514,13,49
3515,28,77
3516,62,96
3517,33,26
3519,40,99
3520,63,86
3523,78,63
3525,15,24
3526,94,81
3528,99,87
3530,34,94
3531,30,66
3532,87,65
3533,19,87
3535,42,55
3536,82,72
3537,67,73
3539,2,90
3540,22,21
3541,50,64
3542,31,26
3543,3,41
3546,60,51
3547,54,81
3552,27,68
3554,49,50
3555,72,55
3556,94,91
3557,33,38
3558,28,69
3559,1,80
3560,19,41
3561,29,40
3562,77,99
3563,77,93
3564,13,28
3565,15,81
3567,23,70
3568,37,46
3571,5,73
3573,43,50
3574,2,88
3576,26,89
3577,51,40
3579,18,27
3581,20,86
3582,51,74
3584,84,91
3585,29,69
3586,21,98
3590,19,93
3591,29,40
3592,6,48
3593,27,90
3594,32,65
3597,80,94
3598,81,71
3599,50,44
3600,3,66
3602,8,42
3603,87,91
3604,37,38
3605,30,56
3608,12,85
3609,21,20
3610,51,50
3611,69,58
3612,28,32
3613,52,85
3614,68,57
3615,10,50
3619,4,19
3622,23,39
3625,20,99
3626,56,64
3628,31,59
3629,52,39
3631,39,85
3632,10,78
3634,75,74
3635,15,57
3637,8,37
3638,88,68
3639,41,53
3640,42,54
3641,4,31
3642,75,56
3644,5,3
3647,25,63
3648,33,32
3650,16,71
3652,15,67
3653,24,72
3654,82,66
3657,11,56
3658,20,80
3659,0,98
3661,50,74
3662,16,14
3663,95,81
3665,48,48
3666,83,76
3667,70,98
3668,21,31
3669,60,98
3670,52,82
3671,75,79
3673,98,86
3674,19,43
3675,85,84
3676,54,91
3678,95,94
3679,50,59
3680,83,75
3681,19,31
3683,5,21
3685,67,74
3686,22,59
3687,9,68
3688,23,57
3689,20,32
3690,48,86
3692,17,55
3694,94,70
3695,33,69
3698,16,63
3700,85,86
3702,36,69
3704,46,68
3705,15,79
3706,32,39
3707,58,76
3709,16,37
3710,13,32
3712,36,79
3713,87,99
3714,65,77
3715,23,37
3717,8,28
3718,50,44
3720,7,89
3721,51,79
3724,1,65
3725,13,43
3726,68,91
3727,21,72
3728,1,16
3730,40,67
3732,14,90
3735,62,81
3739,29,47
3740,37,30
3742,23,92
3743,14,41
3744,62,96
3747,35,84
3748,15,33
3749,19,96
3752,88,78
3753,29,38
3755,55,89
3756,13,72
3757,34,80
3758,58,69
3759,12,94
3760,80,62
3761,41,94
3763,39,36
3764,35,44
3766,76,99
3767,27,41
3768,28,34
3770,1,92
3771,59,89
3774,69,57
3777,10,30
3779,97,98
3780,14,87
3781,57,60
3785,21,59
3786,19,22
3787,54,95
3789,89,85
3790,1,81
3791,4,92
3792,89,81
3793,40,90
3794,26,43
3797,13,56
3800,19,74
3802,70,56
3803,27,75
3813,29,51
3814,23,61
3815,81,96
3816,83,81
3818,24,52
3819,7,16
3821,15,97
3822,51,54
3823,19,36
3824,53,53
3825,34,30
3826,7,31
3827,40,47
3829,36,97
3830,74,74
3832,79,90
3836,84,77
3837,9,27
3838,71,62
3839,28,72
3841,29,93
3842,9,72
3843,93,88
3847,79,62
3849,51,60
3851,35,37
3852,98,76
3853,63,80
3854,46,96
3856,54,74
3857,86,81
3858,89,68
3859,24,27
3861,5,5
3863,92,89
3864,15,60
3865,26,84
3867,74,56
3869,16,20
3870,2,55
3871,58,56
3872,68,60
3873,32,90
3874,3,31
3875,22,88
3876,57,64
3879,36,47
3882,3,21
3887,32,35
3888,83,93
3889,16,91
3891,46,47
3894,92,70
3895,94,74
3897,15,57
3898,35,51
3899,25,83
3900,90,73
3901,9,52
3902,17,60
3903,14,19
3904,83,88
3905,13,90
3906,1,16
3907,65,67
3908,21,75
3909,94,84
3910,11,33
3911,55,92
3913,79,83
3914,5,84
3915,40,52
3916,4,54
3917,17,80
3921,56,61
3924,72,93
3925,54,66
3930,57,80
3932,57,79
3936,38,76
3937,33,85
3938,63,51
3941,99,96
3942,44,39
3944,46,41
3945,30,53
3946,51,63
3947,42,94
3949,79,69
3950,21,93
3952,89,86
3955,17,64
3956,46,70
3957,14,16
3958,63,98
3959,88,81
3960,3,53
3961,10,93
3966,5,28
3968,85,94
3969,99,83
3970,1,42
3971,11,27
3972,22,17
3973,18,75
3974,98,87
3975,24,51
3977,71,94
3978,14,80
3980,55,72
3983,32,73
3985,52,98
3988,25,48
3989,13,57
3990,73,81
3991,61,88
3992,16,20
3993,22,64
3994,46,66
3996,28,50
3998,17,78
3999,54,59
4000,61,97
4001,3,77
4002,40,83
4003,77,96
4004,43,52
4010,48,38
4011,45,60
4012,33,49
4013,99,88
4014,57,72
4015,48,73
4017,91,81
4018,56,96
4020,0,64
4021,13,81
4025,69,82
4026,57,62
4027,74,77
4028,24,28
4029,3,8
4034,59,45
4035,21,25
4037,47,39
4038,43,38
4039,94,79
4040,27,47
4041,65,58
4042,27,26
4043,2,32
4045,12,59
4047,43,88
4049,9,91
4050,8,81
4051,31,85
4052,15,68
4053,64,92
4055,21,95
4057,46,59
4060,85,71
4061,20,40
4062,6,33
4064,94,95
4066,14,88
4067,52,96
4070,66,89
4072,26,33
4073,41,73
4074,75,78
4076,25,39
4078,47,85
4079,4,91
4080,93,79
4081,20,77
4083,31,41
4087,21,48
4088,0,51
4089,97,92
4090,3,55
4091,81,64
4093,2,72
4094,59,58
4095,5,56
4096,6,82
4097,77,97
4099,24,83
4100,79,95
4101,1,29
4103,9,52
4104,6,48
4105,59,75
4112,4,67
4115,29,47
4118,56,74
4120,65,91
4121,55,91
4122,83,92
4123,67,86
4124,34,97
4126,48,89
4127,13,77
4129,50,88
4130,33,31
4131,48,37
4132,84,91
4134,24,24
4135,24,47
4136,66,92
4138,46,43
4142,53,42
4143,4,66
4145,79,94
4146,26,50
4148,34,34
4151,11,91
4152,55,44
4153,63,86
4156,15,91
4157,26,93
4158,54,76
4159,56,50
4160,36,71
4161,5,82
4162,65,62
4163,45,62
4164,78,72
4166,91,87
4167,13,10
4171,20,65
4172,6,81
4174,2,60
4176,94,69
4177,9,42
4180,30,91
4181,53,95
4183,13,65
4185,17,25
4186,59,57
4190,71,90
4191,29,90
4192,9,66
4194,9,38
4196,65,82
4197,6,41
4198,67,72
4202,74,61
4203,80,61
4204,13,66
4205,63,49
4206,40,56
4207,26,70
4208,77,61
4209,2,33
4210,67,79
4213,63,90
4215,97,82
4216,12,82
4219,20,40
4220,50,72
4222,45,80
4223,40,94
4224,63,62
4225,6,63
4226,10,99
4229,52,74
4231,14,29
4232,23,89
4233,91,68
4234,83,76
4235,55,45
4238,34,41
4239,26,73
4240,29,57
4241,57,67
4242,19,23
4243,75,65
4244,67,66
4245,27,61
4248,11,67
4249,67,95
4251,8,99
4253,1,62
4255,49,40
4257,88,83
4259,78,73
4260,26,47
4261,71,55
4262,23,76
4263,22,85
4264,20,54
4265,37,75
4269,35,44
4271,81,79
4273,58,92
4274,76,93
4277,14,63
4278,3,6
4279,89,99
4282,49,93
4283,42,78
4284,41,58
4286,66,80
4287,33,94
4289,17,74
4290,67,62
4292,21,73
4294,4,8
4295,92,81
4296,73,69
4297,33,77
4298,28,37
4299,74,78
4300,29,99
4301,18,77
4302,27,31
4304,65,70
4305,5,45
4306,9,19
4307,12,69
4309,3,37
4310,60,88
4311,72,82
4312,33,96
4313,7,67
4316,56,63
4318,52,79
4319,82,67
4320,61,85
4321,19,24
4322,61,95
4324,9,72
4325,4,66
4326,24,50
4328,14,65
4329,3,46
4331,44,43
4333,8,17
4334,50,72
4335,8,33
4336,22,26
4337,15,72
4338,34,51
4340,23,18
4343,62,81
4345,20,53
4346,3,54
4350,11,58
4351,11,91
4352,3,29
4353,36,45
4354,18,78
4356,40,36
4357,51,76
4360,92,94
4362,19,24
4363,39,55
4364,74,59
4365,23,92
4366,45,42
4367,1,9
4369,55,75
4370,20,24
4371,1,15
4372,60,79
4375,54,59
4376,64,78
4379,17,48
4380,29,73
4383,41,79
4385,27,94
4388,16,78
4390,35,72
4391,40,43
4392,6,57
4394,17,93
4396,87,95
4398,32,97
4400,35,58
4401,41,38
4404,38,41
4405,78,97
4407,28,68
4410,11,36
4412,48,58
4413,39,30
4414,14,56
4415,17,94
4417,1,78
4418,10,75
4419,13,33
4421,29,58
4422,24,30
4423,43,88
4424,36,68
4426,99,99
4431,3,51
4433,74,59
4435,40,93
4439,16,44
4440,24,85
4443,20,90
4444,55,88
4449,48,57
4450,48,89
4451,18,47
4452,56,53
4456,82,97
4457,46,90
4458,53,47
4459,39,84
4460,25,75
4461,28,53
4462,19,27
4463,62,77
4464,6,71
4465,4,56
4466,50,55
4467,3,83
4468,95,98
4469,28,21
4470,83,89
4472,73,55
4473,12,8
4475,24,84
4476,75,79
4477,96,75
4478,69,88
4480,4,81
4481,78,71
4483,58,45
4484,37,91
4485,9,62
4486,28,76
4487,36,91
4489,11,71
4491,43,42
4493,0,41
4494,43,38
4495,37,42
4496,71,78
4501,6,50
4504,70,54
4505,84,87
4506,54,75
4507,5,97
4508,42,95
4509,76,69
4511,1,54
4512,52,76
4513,82,81
4515,4,14
4519,22,85
4521,59,96
4522,82,98
4523,58,75
4524,9,88
4525,11,48
4527,9,82
4529,40,59
4530,3,25
4532,65,71
4533,91,94
4534,3,95
4536,6,6
4537,59,77
4538,77,84
4539,25,54
4540,14,85
4541,54,74
4542,42,64
4544,92,69
4546,72,63
4547,80,90
4548,27,89
4549,6,34
4550,0,15
4551,78,59
4552,19,75
4553,61,47
4554,21,25
4555,3,67
4556,47,90
4560,4,50
4561,30,82
4563,68,77
4565,30,25
4566,54,92
4567,19,77
4568,24,87
4569,0,26
4571,63,62
4575,22,33
4576,28,78
4577,65,98
4579,63,94
4580,20,23
4582,31,78
4583,29,72
4584,14,77
4586,89,74
4588,41,50
4589,68,53
4591,69,96
4592,74,60
4593,50,47
4594,62,87
4595,80,88
4598,49,54
4599,11,82
4600,77,89
4601,19,95
4606,63,98
4608,13,45
4610,38,79
4611,8,60
4613,40,59
4614,6,95
4615,77,68
4617,23,40
4618,24,99
4621,2,18
4622,10,94
4623,76,98
4624,81,64
4626,69,54
4627,10,66
4628,23,61
4629,10,58
4630,20,37
4631,49,42
4632,75,89
4633,13,31
4635,54,75
4637,70,92
4638,8,24
4639,8,28
4640,82,89
4644,55,57
4645,47,39
4649,44,38
4652,63,84
4653,50,46
4654,47,36
4655,85,63
4657,68,53
4658,5,7
4659,58,56
4660,3,57
4661,31,87
4662,51,46
4663,45,41
4665,29,62
4666,27,95
4669,81,62
4672,55,82
4673,36,78
4674,34,56
4675,0,48
4676,50,98
4678,77,60
4679,77,58
4680,33,86
4681,35,47
4682,8,11
4683,37,99
4684,34,88
4685,28,30
4686,13,86
4687,1,79
4689,50,76
4691,73,85
4692,3,95
4695,31,47
4696,79,97
4697,27,68
4698,91,94
4699,38,61
4700,50,40
4702,28,25
4703,0,13
4705,50,43
4706,46,36
4707,12,56
4708,12,8
4710,4,21
4711,57,88
4712,58,69
4715,17,28
4716,13,76
4718,58,74
4719,71,87
4720,74,86
4721,31,75
4723,22,65
4727,19,44
4728,50,40
4729,87,78
4731,87,81
4732,64,57
4734,41,84
4735,63,93
4736,41,85
4737,14,44
4739,50,40
4742,8,22
4743,22,37
4744,2,57
4748,13,22
4749,39,55
4750,24,39
4751,31,42
4752,66,62
4753,10,49
4754,42,44
4757,49,90
4760,92,81
4761,74,70
4763,6,44
4765,83,92
4766,4,79
4768,43,86
4772,61,96
4773,99,78
4774,49,81
4775,30,97
4776,31,83
4779,48,86
4780,97,81
4781,60,68
4783,34,80
4786,71,93
4787,62,75
4788,65,95
4789,44,72
4790,15,41
4791,79,69
4792,63,79
4796,43,43
4797,32,59
4798,26,28
4799,16,25
4800,93,88
4801,12,98
4803,16,97
4804,0,78
4805,8,49
4806,33,93
4808,28,97
4810,38,53
4811,23,96
4812,45,93
4814,9,29
4815,10,58
4816,18,55
4817,14,39
4819,69,77
4821,44,90
4823,94,80
4824,3,10
4828,70,60
4829,6,5
4830,37,98
4833,47,88
4834,81,82
4836,12,73
4837,24,44
4838,86,75
4841,7,71
4843,24,21
4844,53,51
4845,24,28
4846,20,89
4847,49,46
4848,50,47
4849,92,71
4850,21,51
4852,24,34
4853,15,34
4854,4,67
4855,68,87
4856,2,67
4857,63,84
4859,58,89
4861,2,67
4862,15,10
4863,2,50
4864,2,29
4865,31,46
4866,47,88
4868,11,42
4870,47,53
4871,15,94
4872,3,46
4873,48,55
4874,81,75
4876,70,58
4877,24,80
4878,31,67
4880,39,36
4882,31,77
4883,87,66
4884,70,87
4885,37,78
4886,77,85
4888,34,56
4889,10,98
4890,25,30
4892,67,82
4893,97,95
4894,23,62
4895,16,26
4898,28,60
4899,41,35
4900,99,96
4901,19,20
4902,76,77
4903,16,27
4904,61,97
4906,15,80
4907,37,94
4908,23,74
4910,30,91
4911,30,29
4915,13,94
4917,8,9
4918,7,7
4920,22,39
4922,27,98
4923,78,76
4924,66,66
4925,18,91
4926,6,8
4927,28,77
4928,88,78
4929,76,82
4931,8,70
4934,81,79
4937,71,85
4939,5,21
4942,22,35
4943,23,84
4946,6,31
4947,34,85
4948,86,69
4950,60,91
4951,90,74
4953,4,24
4957,41,43
4958,94,83
4961,67,61
4962,37,47
4963,38,37
4967,13,64
4969,46,55
4970,3,46
4971,47,59
4973,32,28
4974,58,61
4975,83,70
4977,13,26
4978,61,76
4979,12,51
4983,0,5
4987,42,97
4988,53,75
4992,7,40
4993,45,76
4994,31,95
4996,60,52
4997,61,60
4998,1,17
4999,4,67
5001,52,60
5002,21,31
5003,84,89
5004,19,45
5005,69,89
5006,78,76
5007,10,43
5009,90,98
5010,79,82
5011,33,88
5012,59,56
5013,20,82
5016,11,80
5017,3,46
5020,0,80
5021,23,31
5023,8,41
5024,42,43
5026,18,72
5027,96,87
5028,13,51
5029,50,63
5030,47,98
5032,83,95
5034,0,73
5036,53,90
5037,80,68
5038,66,76
5040,74,86
5041,18,93
5042,78,65
5043,60,73
5044,46,75
5045,5,62
5046,6,10
5047,32,54
5048,28,88
5049,89,92
5051,11,74
5054,18,72
5055,45,65
5056,82,84
5057,76,58
5059,56,64
5060,10,39
5062,2,44
5063,18,43
5065,57,48
5066,47,56
5067,31,69
5068,23,77
5070,62,70
5071,17,86
5073,95,80
5074,61,58
5075,46,68
5078,17,91
5080,37,65
5082,36,87
5083,13,10
5086,43,40
5089,60,94
5091,6,15
5092,51,60
5094,88,71
5095,1,16
5098,18,53
5099,34,69
5100,25,92
5101,45,76
5102,19,84
5103,18,85
5104,14,54
5105,75,74
5107,54,52
5108,64,65
5109,44,41
5110,32,29
5113,50,86
5114,63,62
5116,73,93
5117,76,95
5118,0,62
5119,55,42
5120,3,80
5122,43,42
5123,7,78
5125,40,38
5127,1,20
5128,61,84
5129,88,82
5131,44,87
5132,8,13
5134,8,28
5135,57,91
5136,33,25
5139,0,50
5140,64,56
5141,43,98
5142,19,44
5143,31,72
5145,31,74
5146,19,83
5147,92,91
5150,17,68
5160,45,41
5162,6,18
5163,31,61
5164,67,95
5166,81,62
5167,18,76
5170,80,75
5171,16,76
5172,88,77
5177,3,57
5178,47,44
5179,9,69
5182,6,48
5183,46,84
5184,25,34
5185,87,90
5186,23,22
5187,4,37
5190,6,85
5192,45,90
5193,15,92
5194,18,42
5196,14,78
5197,8,53
5198,11,96
5200,3,40
5201,3,18
5202,80,69
5204,76,78
5205,29,36
5206,22,47
5207,29,57
5208,73,99
5209,61,47
5210,47,91
5211,76,73
5212,32,77
5213,13,73
5215,31,28
5217,37,47
5218,19,23
5219,63,89
5220,15,38
5221,18,63
5222,2,37
5223,21,28
5224,61,69
5225,60,68
5226,10,28
5227,97,78
5229,73,68
5230,17,56
5231,0,88
5232,63,59
5234,24,20
5235,75,72
5236,21,97
5239,5,18
5241,85,73
5244,6,34
5246,2,12
5248,36,80
5249,41,72
5250,27,24
5252,1,69
5255,18,49
5256,10,25
5258,22,95
5261,27,74
5262,3,85
5263,4,43
5266,45,60
5268,33,85
5269,55,91
5271,36,55
5272,94,87
5276,79,76
5278,16,15
5280,18,81
5281,23,55
5282,40,83
5283,61,88
5284,20,50
5285,38,64
5286,2,22
5287,10,29
5288,23,95
5289,69,65
5290,11,79
5291,28,45
5292,9,84
5295,71,97
5296,14,37
5298,94,73
5300,70,79
5303,33,83
5304,37,33
5305,32,66
5306,37,52
5307,15,51
5308,41,88
5310,50,64
5311,43,64
5314,1,75
5317,92,80
5318,6,66
5319,4,81
5320,80,93
5322,48,68
5323,31,51
5328,46,72
5329,72,73
5330,75,92
5332,76,65
5334,87,86
5336,60,84
5337,32,73
5338,66,96
5339,67,76
5341,9,91
5344,30,95
5345,10,17
5346,6,56
5347,20,92
5348,71,79
5349,88,87
5350,39,68
5351,21,96
5352,49,89
5353,27,56
5354,89,67
5355,48,52
5360,3,48
5361,65,93
5362,4,32
5363,24,45
5364,41,45
5367,2,73
5368,20,69
5369,13,68
5370,71,69
5372,30,91
5373,21,96
5374,16,18
5377,15,94
5379,51,97
5381,50,65
5382,44,58
5384,11,98
5385,12,52
5387,32,32
5388,18,40
5391,31,95
5393,61,52
5396,43,38
5397,30,55
5399,17,51
5400,91,94
5402,17,83
5404,17,30
5406,55,42
5407,83,97
5408,55,94
5411,64,93
5412,6,49
5413,18,47
5414,77,86
5416,97,89
5417,2,72
5418,61,52
5420,27,84
5421,99,98
5422,1,49
5424,84,96
5426,35,55
5429,74,78
5431,55,60
5432,63,53
5433,26,79
5434,18,67
5435,8,21
5436,12,99
5438,30,84
5439,15,68
5440,66,81
5443,19,48
5445,49,80
5446,15,47
5448,91,76
5450,19,30
5451,29,75
5452,32,50
5453,19,23
5455,44,49
5456,50,76
5460,7,24
5463,12,32
5464,11,54
5465,34,71
5466,5,32
5468,51,93
5471,26,78
5472,50,50
5473,59,66
5474,61,62
5475,89,82
5477,82,96
5481,62,80
5482,37,97
5483,68,86
5484,29,60
5485,61,64
5486,68,91
5487,20,79
5489,19,88
5491,78,98
5494,9,51
5495,34,51
5496,24,55
5497,76,99
5498,91,74
5499,29,53
5500,59,64
5501,42,75
5502,22,76
5505,0,28
5506,60,45
5511,28,47
5513,24,62
5514,91,74
5516,31,56
5518,0,30
5524,40,43
5528,41,34
5530,42,38
5531,42,75
5533,2,29
5534,14,45
5535,7,52
5536,1,99
5538,79,82
5539,19,85
5543,14,49
5544,15,83
5546,34,64
5547,19,28
5548,33,93
5549,5,80
5552,19,16
5556,7,7
5557,54,87
5558,30,85
5559,18,92
5560,22,46
5562,4,18
5563,2,39
5565,0,58
5567,76,92
5568,57,71
5570,93,80
5573,6,64
5575,46,63
5576,22,67
5577,85,94
5578,73,56
5581,26,58
5583,22,51
5585,8,18
5586,40,90
5587,63,56
5588,82,83
5593,49,69
5598,15,88
5599,64,91
5601,27,55
5604,38,34
5605,12,53
5606,6,32
5607,77,80
5608,61,85
5612,45,35
5613,45,60
5615,19,22
5616,47,95
5617,96,92
5618,27,80
5620,21,73
5621,70,69
5622,67,64
5623,15,86
5624,80,62
5625,20,29
5626,39,96
5628,35,45
5629,2,1
5630,0,82
5631,10,13
5632,78,87
5633,42,70
5634,36,76
5635,23,67
5636,16,60
5637,68,97
5638,1,73
5639,13,44
5640,17,20
5641,20,35
5643,36,78
5644,32,36
5645,15,77
5647,6,16
5651,29,97
5652,37,64
5654,86,95
5656,90,66
5658,23,32
5660,84,67
5661,11,36
5662,5,52
5663,10,38
5664,31,23
5665,39,77
5666,0,38
5667,6,25
5668,34,32
5669,14,92
5670,88,95
5671,76,79
5672,21,41
5674,43,81
5675,36,83
5677,71,90
5681,34,41
5684,53,56
5687,68,77
5689,85,72
5692,45,37
5695,5,63
5696,12,89
5697,27,51
5698,0,93
5700,76,77
5704,53,62
5705,27,49
5708,14,17
5710,65,86
5711,43,77
5714,3,25
5719,7,63
5721,55,63
5723,34,46
5725,48,43
5726,48,49
5727,54,67
5728,21,39
5730,96,97
5731,15,47
5732,42,71
5733,90,85
5734,59,58
5735,25,56
5736,45,53
5738,52,87
5739,90,81
5740,86,94
5745,41,32
5747,20,28
5749,12,69
5753,59,88
5754,27,97
5755,28,94
5756,76,66
5758,26,96
5759,69,83
5760,15,47
5761,56,48
5762,32,59
5763,5,99
5765,47,95
5766,7,76
5767,2,97
5769,44,36
5770,92,70
5771,32,52
5772,1,75
5774,69,79
5775,45,76
5777,52,70
5778,92,72
5781,13,63
5783,10,37
5784,51,53
5785,62,93
5786,71,98
5787,63,49
5788,38,73
5789,41,51
5790,8,59
5793,30,72
5794,69,69
5796,35,40
5797,54,47
5798,15,99
5799,62,49
5800,26,59
5801,94,87
5804,25,86
5805,9,24
5808,87,90
5809,17,31
5810,12,66
5811,13,38
5812,23,58
5813,75,86
5815,51,45
5816,82,95
5818,8,45
5819,5,3
5820,0,88
5821,25,26
5823,46,79
5825,30,63
5827,63,88
5828,14,18
5829,36,91
5833,37,96
5834,90,83
5836,1,31
5840,83,85
5842,25,88
5844,13,21
5846,2,1
5847,10,60
5848,6,18
5849,98,80
5850,1,49
5852,66,77
5856,33,66
5857,45,77
5858,67,87
5860,54,89
5862,20,97
5863,1,36
5864,53,61
5865,32,69
5866,11,38
5868,62,68
5869,26,28
5871,83,88
5873,67,71
5875,34,97
5876,6,17
5880,9,15
5882,67,74
5883,67,90
5884,56,55
5886,48,50
5887,79,60
5889,18,58
5890,64,57
5891,91,90
5892,5,81
5893,58,64
5894,17,83
5896,14,19
5897,44,62
5899,88,91
5902,4,31
5904,60,87
5906,52,69
5909,44,36
5910,12,87
5911,19,41
5912,37,93
5914,0,97
5916,11,55
5918,67,62
5919,10,60
5921,41,31
5922,2,41
5924,1,7
5926,39,63
5927,16,23
5928,12,65
5929,31,41
5932,35,95
5933,31,45
5934,43,38
5935,64,55
5939,76,97
5941,7,67
5943,13,90
5945,80,70
5948,18,56
5950,51,84
5951,46,35
5952,61,56
5953,54,71
5954,24,46
5955,79,97
5957,33,95
5959,35,96
5963,50,98
5964,92,80
5969,1,26
5970,52,43
5971,72,92
5975,14,18
5977,56,54
5979,84,68
5980,49,57
5981,43,82
5982,62,47
5983,13,97
5984,76,85
5986,90,96
5987,73,84
5989,41,67
5990,2,11
5991,53,52
5994,87,65
5995,32,64
5996,18,19
6003,35,62
6004,98,85
6006,17,90
6007,32,77
6008,6,53
6010,39,56
6011,19,86
6013,36,85
6014,78,72
6015,22,42
6017,76,96
6020,90,68
6023,40,99
6028,27,83
6031,92,77
6033,45,59
6035,12,99
6036,53,43
6037,35,60
6038,71,84
6039,1,68
6041,83,73
6043,56,71
6044,17,41
6045,12,26
6046,30,25
6047,97,87
6051,42,70
6052,11,98
6054,6,83
6056,58,55
6059,31,98
6066,16,50
6070,37,88
6072,19,80
6073,10,47
6075,60,79
6077,94,75
6078,95,92
6080,48,98
6081,14,71
6082,2,79
6086,0,26
6087,62,87
6088,1,32
6091,40,46
6092,31,62
6093,11,98
6094,15,57
6096,17,78
6097,65,96
6098,31,87
6101,39,55
6102,48,89
6103,61,99
6105,11,44
6106,75,94
6108,21,58
6109,63,52
6111,7,74
6112,0,60
6115,57,90
6117,39,39
6122,94,96
6123,7,66
6124,2,10
6125,2,36
6126,16,76
6127,36,43
6128,72,84
6129,45,66
6131,5,19
6132,95,77
6133,0,18
6134,55,59
6135,29,24
6136,6,28
6139,27,46
6140,25,22
6141,9,23
6143,9,92
6144,68,66
6145,73,58
6147,86,97
6148,87,66
6149,87,68
6150,62,90
6152,36,93
6154,42,86
6156,8,74
6158,37,40
6160,62,71
6163,99,77
6165,3,28
6166,22,22
6167,34,84
6168,64,76
6169,40,68
6170,18,41
6171,61,68
6172,34,27
6177,66,93
6179,45,67
6180,9,74
6182,29,24
6183,16,31
6184,8,93
6185,89,70
6188,15,16
6189,16,65
6191,4,18
6194,13,84
6195,3,27
6196,34,32
6198,65,51
6201,43,72
6202,10,67
6203,42,78
6206,15,12
6207,40,82
6208,82,84
6210,28,67
6213,54,94
6217,40,50
6218,1,41
6222,8,24
6223,16,58
6224,48,98
6225,46,55
6226,38,78
6227,33,63
6228,14,46
6230,21,32
6231,65,65
6232,24,79
6235,13,46
6237,46,81
6239,37,98
6240,16,86
6241,59,84
6242,77,91
6243,30,93
6245,37,72
6246,76,79
6248,9,22
6250,9,63
6251,26,35
6252,26,68
6253,42,56
6254,81,80
6255,10,38
6256,48,45
6257,22,46
6258,94,77
6259,22,31
6260,43,57
6261,34,49
6263,1,70
6265,42,55
6266,95,82
6267,2,98
6268,6,91
6274,25,65
6276,40,72
6277,66,93
6278,88,81
6281,84,69
6283,93,71
6287,54,77
6288,95,94
6290,50,81
6291,53,59
6292,60,85
6293,22,40
6294,76,64
6296,97,79
6297,44,76
6298,31,80
6299,22,41
6300,40,77
6301,16,49
6302,81,75
6303,45,52
6304,35,35
6305,9,88
6306,2,12
6307,8,59
6308,74,65
6309,14,26
6310,21,44
6311,18,89
6312,10,7
6313,2,68
6314,11,97
6315,89,86
6316,9,53
6318,26,39
6320,19,23
6321,19,25
6324,24,66
6325,45,58
6326,93,73
6327,33,51
6335,24,34
6336,9,10
6337,54,67
6338,51,72
6339,11,25
6340,82,83
6341,39,82
6343,4,97
6344,39,90
6345,18,58
6346,32,67
6347,68,64
6348,41,73
6349,29,68
6353,54,98
6355,18,87
6356,14,89
6361,88,92
6362,29,94
6363,48,45
6365,74,66
6366,42,66
6367,50,99
6368,35,93
6369,84,69
6370,32,37
6371,3,23
6373,79,61
6374,94,93
6375,85,64
6380,2,59
6381,10,16
6384,52,58
6385,32,41
6388,87,84
6389,64,84
6390,70,96
6393,5,26
6396,10,44
6397,34,40
6398,44,37
6400,34,58
6401,9,38
6402,53,48
6403,46,88
6405,25,75
6406,67,92
6408,14,75
6409,8,15
6410,30,61
6411,5,49
6412,38,50
6413,62,63
6414,58,69
6416,1,40
6417,52,56
6419,19,41
6421,42,56
6422,47,69
6423,1,59
6424,70,83
6426,8,34
6427,50,50
6428,17,52
6430,28,22
6432,73,60
6433,20,63
6434,11,95
6435,43,76
6438,60,76
6439,8,35
6440,8,93
6441,43,38
6442,68,78
6444,11,38
6445,88,85
6446,57,60
6447,57,93
6448,70,55
6449,30,27
6452,35,64
6456,94,78
6458,90,66
6459,77,74
6460,20,36
6462,3,72
6465,25,87
6466,81,88
6467,22,19
6468,88,88
6469,76,89
6470,45,73
6471,43,40
6474,2,61
6475,30,56
6476,36,27
6477,40,75
6478,1,45
6479,90,79
6480,3,99
6481,2,52
6482,27,28
6483,54,75
6484,45,36
6485,55,94
6488,83,62
6489,70,74
6491,22,80
6494,35,55
6495,92,72
6496,71,76
6497,17,34
6498,55,51
6500,65,52
6504,16,34
6505,11,83
6506,52,48
6507,40,95
6508,10,10
6512,28,84
6513,17,49
6514,1,45
6516,7,92
6517,3,56
6518,8,89
6523,45,62
6524,19,45
6525,79,78
6527,93,69
6528,18,82
6530,45,90
6531,0,43
6532,33,89
6533,44,41
6535,40,87
6536,11,8
6537,4,28
6538,95,93
6540,43,57
6542,13,14
6543,32,78
6544,90,74
6546,56,63
6547,46,51
6549,5,73
6551,95,78
6556,75,82
6557,19,24
6558,27,45
6561,79,82
6562,12,31
6564,94,76
6566,91,80
6568,82,79
6569,24,45
6570,50,99
6571,24,53
6572,69,62
6573,22,79
6574,73,70
6575,61,82
6576,16,82
6577,25,72
6578,11,62
6579,9,59
6580,77,90
6581,26,65
6582,28,51
6585,32,54
6587,23,96
6588,47,55
6589,37,77
6592,90,97
6593,81,83
6594,63,81
6595,6,16
6597,13,45
6602,57,87
6604,31,97
6607,36,81
6608,50,71
6609,3,83
6611,22,91
6612,52,50
6613,12,8
6615,79,97
6618,31,51
6619,17,80
6620,7,30
6621,9,89
6622,36,68
6623,42,81
6624,2,31
6630,52,94
6631,13,36
6632,28,66
6633,18,55
6634,72,59
6638,22,70
6639,5,80
6641,58,96
6642,41,57
6643,50,58
6645,29,91
6646,26,82
6648,4,38
6651,37,67
6654,25,57
6655,16,47
6656,11,18
6657,25,63
6658,14,57
6659,66,98
6660,30,60
6663,69,68
6664,84,65
6665,16,41
6666,35,37
6668,4,29
6669,20,41
6671,40,34
6672,7,24
6673,56,49
6676,11,47
6677,93,85
6678,25,61
6680,57,46
6681,66,88
6682,70,75
6683,60,65
6684,60,96
6687,48,81
6688,16,46
6691,17,64
6700,59,91
6702,84,95
6703,89,79
6704,2,33
6705,49,90
6706,40,56
6707,32,90
6710,28,29
6711,12,29
6713,10,59
6716,13,99
6717,12,50
6718,15,96
6719,83,77
6720,37,83
6721,1,51
6722,45,46
6724,30,68
6726,50,76
6729,20,96
6730,43,40
6731,15,90
6733,91,81
6734,6,10
6737,3,17
6739,35,63
6740,15,29
6741,34,50
6743,71,95
6747,11,39
6749,9,19
6750,25,33
6752,10,22
6753,27,84
6754,93,74
6755,46,62
6756,0,15
6757,29,87
6759,13,72
6761,17,56
6763,75,74
6764,2,75
6765,11,56
6766,24,90
6767,59,87
6771,15,15
6774,36,70
6775,11,80
6776,80,65
6780,64,72
6782,67,99
6785,14,49
6786,38,75
6787,56,50
6788,35,86
6789,46,40
6791,2,41
6792,13,74
6795,81,89
6796,33,93
6797,30,86
6800,68,87
6801,11,18
6802,21,85
6804,37,84
6805,84,89
6807,98,89
6808,63,97
6809,50,96
6810,15,85
6811,0,94
6814,1,99
6817,24,68
6818,39,74
6820,70,95
6821,17,69
6823,14,17
6825,26,77
6826,1,81
6828,29,88
6830,4,33
6831,21,80
6833,48,75
6834,2,22
6835,60,57
6836,42,70
6838,44,84
6839,11,69
6840,54,83
6842,8,56
6844,32,62
6846,75,80
6847,79,97
6848,59,61
6851,6,35
6852,21,69
6853,3,52
6854,82,61
6855,20,77
6856,47,90
6857,30,31
6858,74,82
6860,33,32
6861,90,72
6863,2,18
6867,3,19
6869,31,49
6870,5,31
6871,14,56
6872,93,99
6873,38,71
6874,81,64
6875,50,54
6876,38,91
6878,50,46
6881,27,61
6883,11,88
6885,7,91
6886,27,94
6887,9,80
6888,32,26
6889,88,80
6890,67,65
6891,26,87
6892,46,82
6893,51,64
6895,21,30
6897,25,68
6900,48,80
6902,18,83
6904,36,67
6906,14,41
6908,24,57
6909,29,22
6910,37,81
6912,0,45
6913,20,99
6914,30,42
6915,49,93
6917,53,66
6922,56,81
6923,49,44
6924,10,12
6925,55,87
6926,0,55
6927,82,70
6928,17,25
6931,1,16
6933,91,81
6934,19,96
6935,31,73
6937,79,59
6938,40,64
6939,25,43
6943,8,94
6945,35,27
6946,24,38
6948,31,98
6950,73,57
6951,4,67
6953,71,64
6954,30,34
6955,3,60
6957,1,17
6958,12,46
6959,2,46
6960,50,56
6962,40,57
6963,35,56
6966,88,79
6967,21,54
6969,13,76
6974,19,84
6975,0,57
6977,17,19
6979,14,80
6981,80,96
6982,75,98
6983,39,88
6984,62,65
6988,0,90
6990,27,55
6991,15,44
6992,59,56
6993,16,50
6994,46,40
6995,75,91
6997,17,67
6998,94,83
6999,58,46
7001,9,29
7004,9,75
7006,87,71
7008,65,55
7009,20,66
7010,24,61
7011,3,55
7012,0,93
7013,25,64
7014,88,93
7015,13,56
7016,48,46
7017,11,92
7018,2,16
7022,67,72
7024,5,5
7025,42,47
7026,60,49
7028,64,96
7029,61,68
7031,52,65
7032,85,78
7033,83,80
7035,8,83
7037,70,56
7038,83,99
7039,8,72
7041,54,45
7042,2,21
7045,4,59
7047,28,79
7048,23,32
7049,76,61
7053,40,72
7055,9,11
7056,66,99
7061,27,89
7062,61,66
7066,25,70
7067,45,76
7069,58,90
7072,45,64
7073,46,46
7074,17,37
7076,1,58
7077,57,46
7078,37,45
7080,17,87
7081,40,34
7082,31,43
7085,83,67
7086,19,64
7087,10,7
7090,33,87
7091,6,51
7092,50,73
7093,47,54
7094,40,74
7095,24,46
7099,21,56
7101,28,63
7105,36,43
7106,12,55
7107,10,46
7109,41,72
7113,74,98
7114,14,54
7116,83,79
7118,24,37
7120,58,60
7121,20,41
7122,12,31
7124,1,2
7125,38,33
7126,18,94
7129,43,71
7132,37,79
7133,20,95
7134,16,68
7135,37,80
7136,73,58
7137,17,63
7139,4,21
7142,50,95
7143,5,28
7144,80,66
7145,30,88
7147,60,71
7148,22,23
7149,51,63
7150,0,28
7153,0,19
7154,8,97
7155,19,78
7156,53,68
7157,95,84
7159,13,68
7161,50,75
7162,10,80
7164,21,47
7165,67,87
7166,17,13
7170,67,71
7171,61,72
7173,11,17
7175,13,36
7178,61,56
7181,65,69
7182,22,44
7183,25,91
7184,27,74
7186,51,84
7188,12,23
7189,2,46
7192,7,76
7193,16,75
7195,10,53
7197,7,89
7199,7,88
7200,74,73
7203,20,50
7205,25,81
7206,24,53
7207,8,95
7209,13,52
7210,53,71
7212,39,34
7213,41,97
7214,7,13
7215,26,24
7218,95,77
7220,8,35
7222,44,68
7224,1,53
7225,84,98
7226,6,90
7228,23,99
7231,70,80
7232,7,22
7235,74,59
7236,33,94
7237,30,76
7238,51,77
7240,51,87
7241,32,85
7242,17,40
7244,94,97
7247,98,88
7250,43,70
7254,91,94
7257,18,24
7258,14,29
7259,30,91
7260,33,63
7261,4,25
7264,5,45
7266,14,44
7269,65,66
7270,23,97
7273,25,29
7274,73,65
7276,14,82
7277,36,47
7280,37,87
7282,79,85
7285,81,75
7286,55,93
7287,17,70
7289,62,82
7290,54,45
7291,95,71
7294,83,87
7295,82,76
7298,71,58
7299,39,99
7300,38,88
7301,86,99
7307,30,44
7308,45,59
7309,10,41
7311,40,43
7312,49,44
7314,72,85
7315,68,58
7316,46,64
7318,35,89
7319,12,91
7320,84,75
7321,49,51
7322,23,51
7324,44,75
7325,93,81
7326,69,95
7329,44,49
7330,11,57
7334,11,42
7335,14,65
7339,62,67
7341,87,67
7346,73,87
7348,39,33
7349,88,68
7350,47,55
7351,53,67
7354,4,73
7356,6,2
7358,56,76
7359,42,68
7360,26,84
7363,17,84
7364,68,74
7366,28,42
7367,24,61
7368,50,58
7370,47,66
7372,45,39
7373,22,51
7375,27,99
7376,13,41
7377,52,82
7378,50,90
7379,96,82
7382,24,78
7383,36,98
7384,34,45
7385,12,86
7386,57,93
7387,40,54
7388,40,59
7390,70,66
7392,8,80
7394,38,34
7397,79,86
7398,20,63
7400,8,18
7401,8,77
7403,30,58
7407,50,91
7408,69,57
7409,14,18
7411,38,67
7412,25,72
7414,17,30
7416,6,41
7418,34,70
7419,55,99
7420,67,93
7421,40,87
7422,61,49
7424,51,72
7425,19,43
7429,41,37
7431,23,38
7432,37,55
7433,5,53
7435,90,74
7436,34,91
7437,19,86
7439,67,95
7441,58,89
7442,25,47
7443,22,56
7447,73,83
7448,2,43
7449,9,99
7450,96,85
7451,51,95
7452,25,37
7453,63,60
7454,88,94
7455,47,97
7456,26,82
7458,73,68
7459,18,15
7460,30,32
7462,47,74
7463,72,87
7464,3,1
7467,31,30
7468,39,87
7470,38,64
7471,31,83
7472,23,69
7473,32,47
7474,43,49
7475,16,91
7476,57,95
7478,95,98
7479,3,88
7481,91,92
7482,26,65
7484,4,37
7485,28,96
7488,17,82
7491,53,82
7493,12,51
7494,48,75
7502,9,13
7503,40,41
7505,41,57
7508,75,95
7510,97,74
7511,0,52
7513,7,20
7516,8,95
7519,62,66
7520,28,90
7522,97,91
7525,49,59
7526,22,53
7527,1,88
7530,0,67
7532,34,55
7533,36,95
7534,33,30
7535,48,43
7537,63,69
7539,16,68
7540,38,60
7541,86,69
7544,14,72
7545,69,80
7546,94,84
7547,74,79
7548,23,23
7549,9,50
7550,31,63
7552,12,48
7553,25,25
7554,11,87
7556,3,25
7557,24,26
7558,12,73
7559,72,75
7562,31,80
7567,54,44
7568,51,88
7569,36,85
7570,21,64
7571,69,82
7572,16,78
7573,33,46
7574,9,41
7575,91,82
7576,7,75
7578,45,63
7579,20,85
7580,23,87
7581,28,56
7583,62,76
7584,71,75
7585,17,75
7587,5,95
7588,32,75
7589,9,17
7590,42,46
7592,1,47
7595,8,86
7596,13,28
7598,6,22
7599,11,48
7602,52,91
7603,28,22
7604,39,85
7605,5,30
7606,67,92
7607,30,32
7608,40,75
7609,68,93
7610,20,24
7611,24,61
7614,24,28
7617,12,20
7620,61,51
7621,29,47
7622,88,72
7623,42,83
7624,84,68
7625,2,87
7626,4,53
7628,55,78
7629,33,73
7630,78,99
7634,39,48
7635,9,50
7636,82,66
7637,16,62
7641,13,54
7642,51,42
7643,30,49
7646,12,8
7648,44,73
7650,4,17
7652,91,96
7654,39,32
7657,58,82
7658,44,70
7661,76,83
7662,19,18
7663,62,70
7665,37,97
7666,3,18
7667,45,77
7670,57,75
7671,51,42
7672,43,86
7675,34,72
7676,28,96
7677,49,60
7678,5,25
7679,26,45
7682,7,90
7683,73,85
7684,72,71
7686,6,20
7688,3,13
7689,45,92
7692,20,18
7693,50,72
7694,64,86
7696,24,87
7698,42,65
7699,19,99
7703,8,86
7704,76,66
7705,58,98
7707,80,70
7709,2,31
7711,58,55
7712,1,56
7713,72,66
7714,15,75
7715,24,59
7716,6,55
7717,5,59
7719,96,75
7720,19,89
7721,49,85
7722,23,35
7723,38,94
7726,69,63
7727,47,53
7729,15,66
7730,46,41
7731,63,93
7732,33,63
7733,13,55
7734,43,67
7735,44,97
7737,66,57
7739,65,67
7740,25,24
7741,13,81
7743,33,91
7744,30,33
7746,39,82
7747,21,81
7749,58,86
7750,29,29
7751,25,54
7752,11,31
7753,44,86
7755,55,79
7758,71,94
7760,14,81
7762,14,79
7763,26,54
7765,29,40
7767,55,75
7768,93,97
7769,44,84
7771,0,72
7780,50,38
7782,52,94
7787,72,75
7789,16,99
7791,9,69
7793,78,61
7798,26,44
7799,87,72
7801,36,41
7802,46,91
7803,46,40
7804,28,41
7805,42,79
7806,63,63
7808,33,68
7810,92,76
7811,2,57
7812,13,9
7814,56,44
7816,96,90
7819,74,66
7820,9,74
7821,63,73
7823,85,76
7824,5,65
7825,85,95
7826,67,82
7828,87,88
7829,31,66
7830,50,52
7831,6,89
7833,39,42
7835,81,79
7838,18,31
7839,82,61
7840,31,85
7841,67,93
7842,56,95
7843,19,68
7844,64,98
7848,5,91
7849,58,80
7850,64,68
7851,99,85
7853,16,11
7854,9,17
7855,87,94
7856,1,71
7860,52,93
7861,30,73
7862,35,86
7866,40,67
7868,8,67
7870,0,28
7872,45,79
7873,15,72
7874,9,99
7878,17,75
7880,50,94
7881,54,77
7882,53,49
7887,52,80
7889,38,84
7892,77,60
7893,87,74
7895,38,68
7896,32,83
7898,25,47
7899,83,83
7900,86,68
7902,7,26
7903,23,32
7906,46,80
7907,53,55
7908,86,91
7909,26,77
7910,74,68
7911,36,72
7912,63,62
7914,54,92
7915,79,80
7916,6,59
7918,58,49
7922,14,86
7923,76,75
7924,18,23
7926,0,37
7927,63,83
7928,47,59
7929,56,76
7930,94,76
7932,37,54
7933,31,37
7934,49,73
7937,39,67
7938,76,79
7939,4,52
7941,56,55
7943,83,78
7946,40,83
7947,90,73
7949,24,94
7953,79,99
7954,40,75
7957,47,79
7961,63,74
7962,44,98
7964,63,57
7966,57,74
7967,78,92
7969,82,84
7970,25,86
7971,37,52
7972,53,70
7973,41,97
7977,11,30
7978,34,61
7980,23,94
7982,36,46
7983,44,36
7988,74,71
7990,55,77
7992,75,68
7995,72,95
7996,54,58
7999,26,79
8000,47,45
8001,27,96
8003,9,55
8004,10,28
8005,3,18
8006,97,72
8007,31,28
8009,12,25
8011,8,40
8012,20,27
8013,34,54
8014,80,87
8015,33,38
8016,32,94
8018,87,89
8019,6,46
8020,88,74
8021,32,28
8023,21,22
8024,51,68
8025,29,47
8026,28,23
8032,91,81
8034,74,78
8035,62,82
8037,16,82
8038,15,50
8040,19,58
8041,59,95
8043,70,62
8045,45,59
8046,72,84
8048,70,87
8051,1,88
8054,26,18
8055,92,69
8056,16,74
8057,63,99
8058,6,65
8060,33,31
8061,95,96
8062,44,51
8064,50,39
8065,16,21
8066,8,25
8069,3,5
8070,77,94
8071,4,75
8073,89,96
8076,7,45
8077,45,67
8078,16,51
8080,11,74
8081,70,64
8083,90,93
8086,24,92
8087,25,44
8088,9,25
8092,13,84
8093,63,89
8100,19,97
8101,5,84
8102,7,83
8104,97,92
8105,56,64
8106,43,45
8107,1,96
8109,4,54
8113,61,63
8115,5,74
8117,31,95
8119,0,98
8120,90,81
8121,15,24
8124,77,61
8126,16,76
8127,7,79
8128,18,59
8133,44,33
8137,98,88
8139,26,56
8140,11,93
8141,41,49
8142,88,77
8144,36,30
8146,10,60
8148,95,73
8149,45,62
8150,61,76
8151,49,63
8152,63,50
8153,8,41
8154,47,75
8155,32,57
8156,97,96
8158,21,20
8160,14,44
8163,47,44
8164,62,54
8167,4,8
8168,91,86
8169,70,71
8173,25,95
8174,41,72
8177,70,99
8178,25,50
8179,62,93
8180,3,7
8182,16,14
8184,20,92
8185,35,70
8186,30,23
8187,20,56
8188,62,68
8190,26,61
8192,39,71
8193,2,99
8194,0,12
8195,32,71
8200,7,89
8201,9,33
8202,45,59
8203,14,22
8205,7,52
8208,29,64
8209,4,52
8212,11,42
8213,10,47
8214,43,74
8215,70,56
8216,2,48
8217,24,26
8218,10,27
8219,71,78
8221,61,73
8223,69,78
8225,15,10
8226,4,70
8228,41,76
8229,29,66
8230,91,91
8231,56,75
8234,41,82
8235,66,76
8236,7,47
8237,90,96
8238,3,45
8239,20,30
8241,40,57
8242,25,86
8245,7,92
8246,94,94
8247,54,99
8248,64,77
8249,24,69
8250,66,49
8251,80,84
8252,23,40
8261,13,77
8263,9,62
8264,99,75
8269,61,56
8270,37,91
8271,84,83
8272,43,47
8273,15,12
8275,15,45
8276,7,52
8278,2,64
8279,0,25
8280,14,55
8281,94,79
8284,81,84
8286,46,57
8287,60,66
8288,30,59
8290,0,49
8291,52,71
8292,61,88
8293,0,47
8294,10,91
8298,69,68
8299,20,69
8300,46,91
8301,21,75
8303,10,34
8304,26,50
8306,45,78
8307,4,86
8309,37,52
8311,21,87
8312,9,75
8313,50,53
8314,78,76
8315,0,84
8316,2,62
8318,8,63
8319,47,78
8320,63,95
8321,8,29
8322,64,67
8324,96,83
8325,13,24
8326,10,24
8328,15,66
8329,9,83
8330,29,87
8331,46,57
8334,41,36
8336,70,82
8337,58,93
8338,74,74
8339,79,81
8341,49,63
8342,34,91
8344,23,44
8345,53,69
8346,15,57
8349,62,48
8350,46,39
8353,62,69
8354,69,53
8356,63,72
8357,25,41
8361,67,73
8362,2,35
8363,47,88
8364,37,84
8365,33,46
8366,3,6
8368,2,92
8371,8,43
8372,81,81
8373,40,97
8377,50,89
8379,73,82
8380,70,88
8381,62,83
8382,8,4
8387,20,99
8391,32,41
8392,45,98
8393,66,51
8395,10,10
8397,40,71
8398,6,58
8399,13,93
8400,98,75
8401,35,95
8402,92,82
8403,39,33
8405,92,95
8406,3,36
8408,50,49
8409,69,93
8410,17,60
8411,45,71
8412,44,85
8413,45,89
8414,23,58
8415,66,59
8419,57,89
8424,31,90
8425,33,88
8427,39,55
8430,68,87
8431,28,97
8432,22,43
8435,37,30
8436,91,71
8437,35,44
8438,36,72
8439,13,41
8440,61,86
8442,62,89
8443,28,68
8445,69,71
8446,34,53
8447,2,92
8448,4,7
8449,46,75
8450,13,53
8452,25,45
8453,32,86
8454,32,88
8460,75,60
8461,1,78
8463,9,77
8464,51,92
8466,98,99
8468,17,92
8469,53,51
8471,65,55
8473,9,85
8475,32,80
8479,0,11
8482,82,93
8483,21,78
8484,1,43
8485,36,36
8487,92,87
8488,18,82
8489,24,71
8494,7,60
8495,8,5
8496,44,71
8497,19,28
8498,0,38
8499,19,70
8501,8,7
8503,59,92
8505,39,82
8509,41,80
8510,16,91
8512,62,80
8513,14,40
8514,8,6
8516,29,70
8517,55,64
8518,23,53
8519,59,88
8520,0,65
8521,8,42
8522,61,94
8523,0,70
8524,9,38
8525,23,54
8528,81,75
8530,42,57
8531,16,53
8532,33,66
8533,18,49
8535,23,20
8536,49,91
8537,75,79
8539,40,67
8540,0,25
8541,92,95
8542,28,87
8544,53,93
8545,18,55
8547,74,63
8548,13,38
8549,28,68
8550,68,83
8551,24,48
8553,76,88
8554,44,54
8556,34,96
8559,50,73
8561,62,86
8562,9,38
8563,78,87
8566,57,92
8567,74,56
8568,21,20
8569,66,70
8570,26,23
8571,15,68
8572,3,32
8574,20,63
8579,58,69
8580,2,8
8581,11,64
8582,18,35
8584,37,76
8586,30,35
8587,47,62
8588,0,84
8590,38,93
8591,12,42
8592,48,91
8594,35,48
8595,19,69
8597,36,72
8598,75,87
8602,61,62
8603,61,50
8604,47,88
8605,62,91
8606,20,21
8607,12,70
8608,24,29
8609,40,95
8610,19,16
8611,8,70
8612,30,55
8613,12,14
8614,33,56
8615,50,69
8616,4,20
8619,37,59
8620,69,57
8621,33,86
8623,97,78
8624,82,78
8625,10,29
8628,29,60
8630,46,42
8631,34,76
8632,43,63
8633,37,43
8634,7,95
8635,37,66
8637,52,92
8638,40,79
8640,29,78
8641,58,52
8643,80,70
8644,47,43
8647,38,67
8649,27,33
8650,16,20
8651,18,71
8652,56,55
8653,90,69
8655,39,37
8656,4,43
8660,73,93
8661,27,35
8662,68,83
8663,55,78
8665,94,96
8666,35,33
8668,27,33
8673,43,60
8674,62,86
8675,83,90
8676,57,48
8677,6,21
8679,12,28
8680,83,74
8683,89,98
8685,30,67
8686,71,58
8687,24,92
8688,43,98
8689,31,26
8690,44,62
8691,36,88
8693,72,58
8694,27,45
8696,2,7
8697,89,97
8701,27,28
8702,10,53
8704,49,78
8705,69,64
8707,40,96
8708,6,30
8709,30,89
8710,17,26
8711,77,96
8712,6,33
8713,73,86
8714,3,79
8715,7,57
8716,81,72
8718,16,46
8719,20,30
8722,96,82
8724,40,54
8725,75,56
8726,86,88
8728,48,90
8733,51,83
8734,99,88
8735,72,61
8736,22,54
8737,30,86
8739,59,78
8742,64,64
8743,20,63
8747,6,43
8748,95,86
8749,83,68
8750,78,91
8751,9,91
8753,29,71
8754,0,10
8755,22,20
8758,98,81
8760,86,87
8762,73,90
8763,30,44
8766,24,95
8767,19,69
8769,66,68
8770,81,71
8771,64,72
8772,50,91
8773,29,48
8774,47,59
8776,18,55
8777,69,89
8778,2,6
8780,15,85
8782,91,69
8783,29,96
8784,47,44
8786,24,48
8787,44,69
8788,68,84
8789,1,49
8791,26,71
8792,24,74
8793,4,78
8794,21,73
8795,1,45
8796,39,73
8797,40,78
8798,14,77
8799,39,53
8800,92,82
8801,35,69
8803,96,96
8804,28,73
8805,0,82
8806,59,92
8807,16,84
8808,18,34
8809,14,49
8810,7,28
8812,98,93
8813,14,11
8815,95,83
8816,27,19
8819,25,93
8820,76,67
8821,35,41
8822,89,94
8825,41,52
8826,18,37
8827,90,73
8829,43,38
8831,10,41
8832,78,94
8833,47,98
8834,25,61
8836,51,45
8838,39,57
8839,98,73
8841,81,72
8842,63,98
8843,79,83
8844,62,51
8845,20,29
8846,75,86
8847,11,74
8848,10,31
8849,43,99
8851,12,56
8853,19,32
8855,2,37
8856,41,34
8857,27,33
8861,61,50
8862,22,55
8863,92,79
8867,53,99
8868,86,81
8870,47,72
8871,46,97
8874,24,54
8875,40,42
8876,1,14
8877,5,42
8878,69,60
8881,57,80
8883,5,67
8884,90,96
8885,85,78
8891,16,94
8895,91,97
8897,50,52
8901,30,68
8902,24,64
8903,68,69
8904,5,2
8908,30,23
8913,44,45
8914,14,55
8915,21,89
8916,99,99
8920,23,39
8921,51,84
8922,32,97
8923,60,52
8924,46,41
8925,31,47
8926,19,98
8929,40,78
8930,8,37
8931,92,78
8932,8,79
8933,22,83
8935,84,80
8936,78,70
8937,69,69
8938,6,54
8943,9,74
8949,9,12
8951,59,79
8953,32,63
8955,2,1
8957,56,89
8958,50,57
8960,7,50
8961,41,64
8964,16,79
8965,68,97
8966,97,93
8967,35,70
8970,56,54
8971,43,74
8973,18,38
8974,94,79
8975,30,34
8976,67,66
8978,37,88
8979,30,26
8980,78,60
8982,16,12
8983,15,85
8986,11,33
8987,19,81
8988,72,87
8992,57,80
8993,76,68
8995,4,27
8996,4,21
8997,8,38
8998,95,72
8999,8,35
9000,78,66
9001,52,41
9002,1,55
9005,80,68
9006,17,38
9007,89,90
9008,60,60
9009,72,54
9013,22,59
9015,65,62
9017,9,90
9018,5,93
9020,71,71
9021,36,81
9022,89,95
9024,92,87
9027,68,86
9029,67,91
9031,43,84
9033,37,71
9034,83,78
9036,17,96
9041,92,83
9042,9,54
9043,33,25
9044,10,70
9046,51,78
9048,3,5
9049,81,78
9051,10,79
9052,30,33
9054,4,95
9056,16,28
9057,37,83
9058,3,11
9060,8,60
9061,16,19
9062,14,84
9063,60,76
9064,42,74
9065,8,9
9066,58,89
9068,38,83
9070,0,56
9071,11,30
9072,3,25
9073,3,80
9074,15,27
9076,45,91
9077,75,67
9078,41,95
9080,31,42
9081,76,61
9082,54,88
9084,1,88
9085,45,39
9087,92,92
9092,45,61
9094,4,60
9096,1,4
9097,1,74
9098,28,78
9099,11,89
9100,12,39
9101,43,99
9102,84,83
9106,10,85
9107,57,76
9108,31,85
9109,66,76
9111,1,88
9113,56,52
9114,20,31
9117,92,93
9118,52,72
9119,27,53
9120,19,73
9123,91,92
9125,28,41
9126,18,97
9127,86,73
9129,5,39
9131,54,73
9132,2,88
9133,18,78
9135,50,67
9136,71,72
9139,68,89
9140,30,24
9141,22,89
9143,64,98
9146,63,92
9148,25,87
9150,29,39
9151,57,69
9153,29,40
9154,7,61
9156,18,52
9158,64,91
9160,67,80
9161,23,91
9165,11,97
9167,84,66
9168,49,89
9169,9,14
9173,61,80
9174,44,66
9176,42,66
9177,72,56
9179,29,86
9180,1,77
9181,79,90
9183,9,88
9184,23,18
9186,30,68
9187,18,23
9188,8,77
9191,24,36
9192,86,78
9193,43,66
9194,5,96
9198,6,76
9199,81,77
9202,91,87
9203,33,32
9205,46,71
9206,23,72
9208,55,65
9209,51,76
9213,21,54
9215,27,38
9216,44,89
9217,25,44
9219,31,94
9220,17,56
9221,46,40
9223,41,80
9225,37,84
9226,92,98
9229,40,72
9230,59,63
9231,8,87
9232,30,42
9235,71,66
9236,1,10
9238,98,79
9239,70,80
9242,69,54
9245,6,60
9248,17,69
9250,90,90
9251,58,56
9253,40,72
9254,97,73
9255,56,71
9256,46,82
9257,26,85
9258,24,61
9260,20,24
9263,50,68
9264,73,55
9266,2,14
9267,3,88
9269,67,98
9270,85,96
9271,34,39
9272,79,74
9275,17,81
9281,17,68
9284,13,97
9285,5,31
9286,21,36
9287,9,22
9289,81,90
9290,40,73
9291,77,58
9292,15,36
9294,2,63
9297,41,33
9298,31,76
9299,82,88
9300,61,60
9301,14,94
9303,32,45
9304,53,52
9305,39,45
9306,5,70
9307,32,37
9308,73,70
9312,23,61
9313,23,30
9314,34,70
9315,39,78
9316,20,63
9317,44,81
9318,68,61
9319,56,56
9320,26,78
9321,22,34
9322,28,71
9324,54,96
9325,30,38
9326,47,43
9327,32,80
9328,51,68
9330,59,55
9332,1,46
9333,0,50
9334,80,61
9335,45,51
9337,39,35
9338,66,75
9342,20,31
9345,74,82
9346,6,27
9347,57,61
9348,14,58
9350,12,10
9351,34,49
9352,11,23
9355,7,78
9356,18,14
9357,25,21
9358,65,84
9360,27,76
9361,41,45
9362,23,47
9364,66,94
9366,4,37
9367,36,55
9368,47,84
9370,2,96
9372,16,93
9373,24,52
9375,19,58
9376,62,98
9377,96,86
9379,53,48
9381,24,94
9382,45,97
9383,34,61
9384,83,72
9385,31,76
9388,2,77
9389,2,30
9390,76,78
9391,70,89
9393,66,83
9395,27,39
9400,29,38
9401,10,64
9402,27,99
9403,62,51
9405,92,95
9406,17,23
9407,58,68
9408,0,64
9410,84,66
9412,56,97
9415,60,69
9417,91,97
9418,3,99
9420,86,93
9423,3,19
9424,87,97
9425,33,35
9426,81,91
9427,10,76
9428,24,70
9432,17,57
9435,62,60
9437,50,73
9439,64,53
9440,27,84
9441,3,63
9442,61,79
9444,55,44
9445,1,97
9446,26,95
9447,0,64
9448,6,34
9451,60,92
9453,67,54
9454,5,54
9455,42,67
9457,63,87
9458,31,91
9459,0,49
9460,18,18
9461,51,69
9463,1,29
9464,0,34
9467,13,77
9468,11,16
9469,91,90
9471,44,46
9472,93,97
9474,14,50
9475,3,37
9476,79,65
9478,39,49
9479,27,22
9480,4,32
9481,61,66
9482,45,74
9484,59,94
9485,6,73
9488,28,35
9489,19,38
9491,80,90
9492,39,71
9495,45,43
9496,20,44
9497,42,84
9499,25,74
9500,42,63
9501,57,99
9502,14,49
9505,79,93
9507,20,65
9510,40,65
9511,64,71
9512,17,34
9514,43,63
9515,25,32
9517,40,96
9518,31,48
9519,22,59
9520,1,29
9521,21,36
9522,6,79
9524,81,98
9527,35,44
9528,32,79
9529,20,17
9530,25,98
9531,28,41
9532,37,64
9533,79,99
9534,25,23
9535,83,88
9539,3,44
9540,23,81
9541,7,98
9543,15,52
9544,63,94
9545,33,45
9546,5,61
9547,37,71
9548,77,71
9556,51,85
9559,35,68
9560,44,79
9561,12,81
9562,27,79
9564,36,50
9565,30,78
9566,93,74
9568,46,51
9569,60,76
9570,24,93
9573,15,66
9576,6,10
9577,24,90
9578,19,41
9579,35,62
9581,43,70
9582,23,38
9584,8,15
9585,8,30
9586,18,27
9587,69,98
9589,9,88
9590,8,58
9592,13,40
9593,94,73
9596,27,69
9597,7,37
9598,65,55
9599,87,67
9603,81,84
9605,6,89
9607,32,63
9609,73,64
9610,94,89
9611,4,51
9613,99,94
9614,19,21
9615,74,72
9616,13,81
9617,77,75
9619,66,80
9620,1,32
9621,79,85
9623,75,70
9624,45,35
9626,72,93
9627,14,23
9629,87,95
9630,1,64
9632,82,72
9636,20,82
9637,56,64
9638,95,74
9639,26,29
9640,27,32
9641,37,68
9642,49,76
9643,46,72
9644,2,82
9645,58,62
9646,39,37
9648,51,77
9650,12,33
9651,18,84
9653,88,85
9655,58,68
9657,5,70
9658,27,66
9659,61,79
9660,23,19
9661,29,88
9662,13,55
9664,34,68
9666,24,55
9667,27,49
9669,83,74
9671,22,99
9673,51,92
9674,60,87
9675,19,40
9676,0,97
9678,19,63
9680,1,30
9683,3,72
9684,23,68
9687,7,58
9688,47,80
9689,42,51
9691,91,75
9692,19,62
9694,66,63
9696,62,90
9697,37,29
9699,86,81
9700,83,79
9701,65,83
9703,76,64
9705,71,71
9707,22,87
9709,7,18
9713,10,14
9714,34,91
9715,23,55
9717,56,71
9718,70,91
9719,34,58
9720,13,31
9721,89,76
9724,60,66
9726,3,73
9727,90,73
9728,55,72
9729,68,72
9730,3,39
9732,68,70
9733,89,71
9734,35,40
9737,1,93
9740,17,21
9742,25,97
9746,29,82
9747,25,62
9748,94,77
9750,9,82
9751,40,70
9753,75,55
9756,85,96
9757,25,38
9758,20,83
9759,90,99
9761,37,67
9762,22,49
9764,18,97
9767,64,67
9768,25,26
9769,30,30
9770,58,92
9775,75,61
9778,1,63
9780,22,22
9781,32,99
9782,24,71
9783,68,77
9786,13,65
9787,7,61
9788,14,98
9790,29,83
9793,56,85
9794,70,76
9795,3,87
9797,40,61
9798,38,65
9799,93,74
9800,9,52
9804,35,34
9808,48,62
9809,38,71
9810,49,68
9812,18,47
9813,12,11
9814,12,49
9815,18,15
9821,9,29
9823,9,35
9825,14,54
9826,6,12
9827,14,15
9828,67,56
9829,31,75
9830,38,65
9831,0,80
9832,14,39
9833,46,79
9834,98,98
9835,69,97
9837,3,26
9839,52,61
9840,36,97
9843,40,84
9845,2,15
9846,24,88
9850,21,20
9854,57,67
9855,32,59
9856,59,76
9858,7,98
9859,16,75
9860,49,60
9862,62,47
9863,26,29
9866,59,53
9869,2,88
9870,12,62
9872,52,86
9873,18,64
9876,67,98
9880,8,26
9881,48,67
9883,47,37
9886,83,70
9887,6,29
9889,36,58
9890,0,56
9891,84,86
9892,0,45
9893,24,49
9894,70,58
9897,55,85
9898,16,41
9899,60,75
9900,70,72
9903,99,86
9905,3,41
9906,55,65
9907,72,58
9908,88,79
9910,0,17
9911,79,69
9912,11,44
9913,20,31
9915,45,83
9916,24,98
9917,79,93
9918,17,35
9919,69,79
9921,0,61
9922,60,96
9923,7,52
9924,3,3
9925,21,21
9926,2,30
9928,12,83
9929,3,70
9930,40,51
9931,11,13
9932,94,80
9933,46,50
9934,53,84
9935,0,32
9936,60,86
9937,34,33
9938,28,23
9939,40,60
9941,21,17
9944,66,67
9945,91,75
9947,17,29
9948,82,78
9949,33,99
9951,19,88
9952,65,99
9953,39,79
9958,51,76
9959,20,36
9960,13,83
9961,25,79
9963,21,55
9964,26,37
9965,11,22
9966,31,52
9967,59,44
9969,64,89
9970,37,51
9971,33,81
9972,3,50
9974,50,40
9977,41,61
9979,27,30
9980,25,73
9981,5,76
9984,96,84
9985,59,88
9988,50,70
9989,87,90
9990,24,58
9991,75,78
9992,11,96
9993,26,64
9994,35,93
9995,8,83
9996,47,84
9997,3,85
9998,90,78
9999,44,80
